First Name,Last Name,Draft Year,Years of Service
Larry,Jones,0,2
Darren,Daye,0,5
Theo,Ratliff,1995,16
Antonis,Fotsis,2001,1
Bill,Buntin,0,1
Alex,Stepheson,2011,0
Tom,Marshall,0,4
Hilton,Armstrong,2006,6
Rob,Kurz,2008,1
Samardo,Samuels,2010,3
Willie,Norwood,0,7
Shareef,Abdur-Rahim,1996,12
Wang,Zhi-zhi,1999,5
Howie,Dallmar,0,3
Ollie,Johnson,0,10
Dean,Tolson,0,3
Carl,Herrera,1990,8
D.C.,Wilcutt,0,2
Andrew,Toney,0,8
Rory,White,0,5
Marcus,Liberty,0,4
Thomas,Wilson,0,1
Aaron,McKie,1994,13
Coby,Karl,2007,2
Jon,Koncak,1985,11
Murray,Mitchell,0,1
Randy,Breuer,0,11
Mark,Strickland,0,8
Mickey,Rottner,0,2
Eric,Piatkowski,1994,14
Bismack,Biyombo,2011,8
Ryan,Reid,2010,1
Gerald,Henderson,2009,7
Baron,Davis,1999,13
Rodions,Kurucs,2018,2
Robert,Reid,0,13
Nick,Weatherspoon,0,7
Ron,Horn,0,2
Everette,Stephens,0,2
Donald,Ackerman,0,1
Rickey,Green,0,14
Kevin,Murphy,2012,1
Mike,Smith,2000,1
Kelvin,Ransey,0,6
Rich,Rinaldi,0,3
Nicolo,Melli,2013,1
Hal,Greer,0,15
Pat,Garrity,1998,10
Cecil,Hankins,0,2
Anfernee,Hardaway,1993,14
Nate,Archibald,0,13
Larry,Cannon,0,1
Yvon,Joseph,0,1
Matt,Thomas,2017,1
KJ,McDaniels,2014,2
Ike,Fontaine,0,0
Aubrey,Davis,0,1
Billy,Reid,0,1
Derek,Grimm,0,0
Tim,Legler,0,10
Glenn,Robinson,1994,11
Beno,Udrih,2004,12
Stan,Brown,0,2
Jack,Turner,0,1
Ralph,Polson,0,1
Ken,Sears,0,8
Jackie,Dinkins,0,1
Harrison,Barnes,2012,7
Kadeem,Allen,2017,3
Bob,Pettit,0,11
Daniel,Gafford,2019,1
Joe,Johnson,2001,16
Brian,Quinnett,0,3
Nik,Stauskas,2014,4
Donnie,Boyce,1995,2
Ivan,McFarlin,2004,1
Curtis,Perry,0,8
Joel,Kramer,0,5
Winfred,Jacobs,0,1
Danny,Granger,2005,10
Gorgui,Dieng,2013,6
Mark,Hendrickson,1996,4
John,McConathy,0,1
Isaac,Humphries,2017,1
Marcus,Williams,2006,4
George,McGinnis,0,7
Zhou,Qi,2016,2
Rakeem,Christmas,2015,1
Paul,Dawkins,0,1
Speedy,Claxton,2000,7
Lou,Tsioropoulos,0,3
Ken,Norman,1987,10
Scott,May,0,7
Phil,Hankinson,0,2
Keith,Smith,0,1
Dick,Mehen,0,3
DaQuan,Jeffries,2019,1
Stan,Miasek,0,6
Yuta,Watanabe,2018,2
Marquis,Daniels,2003,10
Isaiah,Wilson,0,1
Francisco,Garcia,2005,10
Fabricio,Oberto,1997,6
Harold,Fox,0,1
Dick,Farley,0,3
Luke,Walton,2003,10
Arron,Afflalo,2007,10
Matthew,Hickey,0,1
Grayson,Allen,2018,2
DeVaughn,Akoon-Purcell,2016,1
Kenny,McIntosh,0,4
Corey,Benjamin,1998,4
Richard,Anderson,0,6
Terrence,Ross,2012,7
Rastko,Cvetkovic,0,1
Bob,Williams,0,2
Vincent,Askew,1987,9
Mike,Gale,0,6
Taurean,Prince,2016,4
Adonis,Jordan,1993,2
Ed,Smith,0,1
Nick,Van Exel,1993,13
Jerry,Eaves,0,4
Andre,Wakefield,0,2
Dave,Meyers,0,4
Steve,Hamer,1996,1
Mike,Riordan,0,9
Brendan,McCann,0,3
Andy,O'Donnell,0,1
John,Shasky,1986,3
Greg,Howard,0,2
Jim,Caldwell,0,1
Larry,Drew,0,10
Mason,Plumlee,2013,6
Larry,Spriggs,0,5
Dominic,Pressley,0,1
Ime,Udoka,2000,7
Dick,Rosenthal,0,2
Eric,Fernsten,0,6
Jaren,Jackson Jr.,2018,2
Shawn,Respert,1995,4
Fred,VanVleet,2016,4
Bob,Arnzen,0,1
Junior,Harrington,2002,3
Mike,Phelps,0,3
Donovan,Mitchell,2017,3
Rayjon,Tucker,2019,1
Jack,Kiley,0,2
Charles,Brown Jr.,2019,1
Jared,Reiner,2004,2
Byron,Mullens,2009,5
Al,McGuire,0,4
Eddie,Mast,0,3
Ervin,Johnson,1993,13
Dorell,Wright,2004,11
Jevon,Carter,2018,2
David,Stockton,2014,2
Ryan,Arcidiacono,2016,3
Micheal Ray,Richardson,0,8
Jerome,Williams,1996,9
Doug,Christie,1992,15
Wilmer,Hosket,0,4
Nathan,Jawai,2008,2
Chinanu,Onuaku,2016,2
DeMarcus,Cousins,2010,8
Fennis,Dembo,0,1
Ralph,Davis,0,2
Gary,Forbes,2008,2
Bob,Schafer,0,1
Terry,Porter,1985,17
Myron,Jackson,0,1
Harold,Brown,0,1
Willie,Anderson,1988,9
Jaron,Blossomgame,2017,1
Edmund,Sherod,0,1
John,Hummer,0,6
Tim,Ohlbrecht,2010,1
Walter,Budko,0,4
Juaquin,Hawkins,0,1
Hank,Beenders,0,3
Bayard,Forrest,0,2
Marcus,Morris Sr.,2011,8
Bob,Faught,0,1
Clar.,Weatherspoon,1992,13
Myron,Brown,0,1
Bob,Sims,0,1
Sarunas,Marciulionis,1987,7
Ken,Charles,0,5
John,Greig,0,1
Stuart,Gray,0,7
Jim,Thomas,0,4
Herb,Scherer,0,2
Viacheslav,Kravtsov,2009,2
Walter,Berry,0,3
Edmond,Sumner,2017,3
Don,Putman,0,4
Andris,Biedrins,2004,10
Dwight,Howard,2004,15
Corsley,Edwards,2002,1
Ron,Moore,0,1
Todd,Mundt,0,1
Corie,Blount,1993,11
Joe,Dumars,1985,14
Drew,Gooden,2002,13
Josh,Huestis,2014,2
Tom,Boerwinkle,0,10
Elfrid,Payton,2014,5
Sleepy,Floyd,0,13
Johnny,Dawkins,1986,9
Del,Beshore,0,2
Jorge,Garbajosa,1999,2
Ron,Crevier,0,1
Ken,Bannister,0,5
Don,Lofgran,0,4
Marc,Gasol,2007,11
Jack,Phelan,0,1
Darrell,Griffith,0,10
Ivica,Zubac,2016,4
Dave,Corzine,0,13
Dirk,Minniefield,0,3
Dwayne,Washington,0,3
Geoff,Petrie,0,6
Rickey,Williams,0,1
Ike,Austin,1991,9
Mccoy,McLemore,0,8
Eric,Paschall,2019,1
Thurl,Bailey,1983,12
Ed,Pinckney,1985,12
John,Vallely,0,2
Kenny,Gattison,1986,9
Treveon,Graham,2015,4
Bob,Quick,0,4
Peter,Maravich,0,1
Lorenzo,Romar,0,5
Dennis,Hamilton,0,2
Wayne,See,0,1
Tony,Bennett,0,3
Doug,Bolstorff,0,1
Jeff,Ayres,2009,5
Chris,McCray,2006,1
Johnny,Oldham,0,2
Tim,Young,1999,1
Zoran,Planinic,2003,3
Mirza,Teletovic,2007,5
Andre,Iguodala,2004,15
Willie,Warren,2010,1
Jim,Walsh,0,1
Michael,Kidd-Gilchrist,2012,7
Obinna,Ekezie,1999,4
Kirk,Penney,2003,2
Wesley,Matthews,2009,10
Perry,Moss,0,2
Furkan,Aldemir,2012,1
Audie,Norris,0,3
Sam,Mack,0,7
Will,Solomon,2001,2
Danny,Manning,1988,15
Darryl,Watkins,2007,2
Mitch,McGary,2014,1
Tyler,Cook,2019,1
Les,Hunter,0,1
Walker,Russell,0,6
Aaron,Harrison,2015,2
Luis,Montero,2015,1
Woody,Sauldsberry,0,7
Dale,Ellis,1983,17
Jay,Carty,0,1
Jim,Seminoff,0,4
Donald,Whiteside,0,0
De'Aaron,Fox,2017,3
Mark,Crow,0,1
DeMarcus,Nelson,2008,1
Darrell,Arthur,2008,8
Tracy,Jackson,0,3
John,Murphy,0,1
Michael,Porter Jr.,2018,1
Norton,Barnhill,0,1
Yue,Sun,2007,1
Bernard,King,0,14
Allen,Leavell,0,10
Rodrick,Rhodes,1997,3
Jaylen,Adams,2018,1
Sid,Catlett,0,1
Justin,Dentmon,2009,2
Rick,Mahorn,1980,18
Walt,Miller,0,1
Alvin,Williams,1997,9
Amir,Coffey,2019,1
C.J.,Wilcox,2014,2
Henry,Sims,2012,3
Johnny,McCarthy,0,6
Sam,Lacey,0,13
Jay,Humphries,0,11
Willie,McCarter,0,3
Ersan,Ilyasova,2005,11
Josh,Childress,2004,8
Earl,Gardner,0,1
Bobby,Wilson,0,4
Davis,Bertans,2011,4
James,Lang,2003,1
Chris,Herren,1999,2
Benoit,Benjamin,1985,15
Andy,Tonkovich,0,1
Norvel,Pelle,0,1
Alton,Ford,2001,3
O.J.,Mayo,2008,7
Edwin,Ubiles,2010,1
John,Edwards,2004,2
Hakeem,Olajuwon,1984,18
Derrick,Coleman,1990,15
Gerry,Calabrese,0,2
Vince,Taylor,0,1
Evan,Eschmeyer,1999,4
Latrell,Sprewell,1992,13
Rod,Derline,0,2
Paul,Huston,0,1
Claude,English,0,1
Ike,Anigbogu,2017,2
Jesse,Dark,0,1
Eric,Anderson,0,2
Gil,McGregor,0,1
Kobi,Simmons,2017,2
Stan,Washington,0,1
Ramon,Sessions,2007,10
Bobby,Washington,0,2
Admiral,Schofield,2019,1
Quinndary,Weatherspoon,2019,1
Jackie,Moreland,0,5
Sam,Jones,0,12
Art,Harris,0,4
David,Lee,2005,11
Ruben,Patterson,1998,10
Keith,Starr,0,1
Mitchell,Wiggins,0,6
Jack,Toomay,0,3
Jamal,Robinson,0,0
Dragan,Bender,2016,4
Sebastian,Telfair,2004,10
Boris,Diaw,2003,13
Bennie,Swain,0,1
Wallace,Jones,0,3
Lee,Winfield,0,7
Gerald,Henderson,0,13
Donald,Hodge,1991,5
Chris,Smith,2012,0
Chris,Clemons,2019,1
Javaris,Crittenton,2007,2
Phil,Farbman,0,1
Booker,Booker,0,2
Bryan,Warrick,0,4
Mark,Workman,0,2
Ben,Hansbrough,2011,1
Ron,Harper,1986,15
Alonzo,Gee,2009,7
Sedric,Toney,0,5
Darius,Songaila,2002,8
JaMychal,Green,2012,5
Jack,Cooley,2013,2
Trey,Johnson,2007,3
Victor,Alexander,1991,5
Don,May,0,7
D'Angelo,Russell,2015,4
Greg,Dreiling,1986,10
Tyrone,Corbin,1985,16
Glenn,Mosley,0,2
Keldon,Johnson,2019,1
Jermaine,O'Neal,1996,18
Tom,Meschery,0,10
Orien,Greene,2005,4
Thaddeus,Young,2007,12
Myles,Patrick,0,1
Adam,Morrison,2006,3
Greg,Fillmore,0,2
Kevin,Lynch,0,2
Dan,Dickau,2002,6
Alex,English,0,15
Matt,Mooney,2019,1
Lucian,Whitaker,0,1
Mike,Smrek,1985,7
Pepe,Sanchez,0,2
Renaldo,Balkman,2006,6
Mike,Woodson,0,11
Paul,Hogue,0,2
Porter,Meriwether,0,1
Nigel,Hayes,2017,1
Marlon,Garnett,0,0
Spencer,Haywood,0,12
Jarrett,Jack,2005,12
Carmelo,Anthony,2003,16
Desmond,Ferguson,0,1
Timofey,Mozgov,2008,7
James,Thomas,2004,2
Bam,Adebayo,2017,3
Chuck,Cooper,0,6
Maceo,Baston,1998,4
Nelson,Bobb,0,4
Mel,Peterson,0,1
Hank,DeZonie,0,1
Brandon,Goodwin,2018,2
Bob,Davies,0,7
Furkan,Korkmaz,2016,3
Robert,Swift,2004,4
Mengke,Bateer,0,3
Kenny,Sailors,0,5
Justise,Winslow,2015,4
John,Williamson,0,5
Jim,Rowinski,0,2
Jon,Brockman,2009,3
Rod,Higgins,0,13
Jack,Tingle,0,2
Tom,Callahan,0,1
Stacey,Augmon,1991,15
Danilo,Gallinari,2008,10
Greg,Stiemsma,2008,4
Blake,Griffin,2009,9
Tom,Sluby,0,1
Chris,Corchiani,0,3
Frank,Kaminsky,2015,4
Edgar,Jones,0,6
Johnathan,Williams,2018,2
Jesse,Branson,0,1
Ronald,Martin,0,1
Stan,Patrick,0,1
Mario,Hezonja,2015,4
Alec,Burks,2011,8
Isaiah,Thomas,2011,8
Max,Zaslofsky,0,10
Jrue,Holiday,2009,10
Bob,Royer,0,1
Mario,Elie,1985,11
Connie,Hawkins,0,7
Greg,Bunch,0,1
Cody,Martin,2019,1
Wyndol,Gray,0,2
Andre,Ingram,2007,2
Jerome,Moiso,2000,5
Jay,Taylor,0,1
Herm,Fuetsch,0,1
Avery,Bradley,2010,9
Svi,Mykhailiuk,2018,2
Zach,Lofton,2018,1
Antonio,Lang,1994,6
Derrick,Williams,2011,6
Stephen,Curry,2009,10
Bob,Allen,0,1
Marcus,Fizer,2000,6
Anthony,Jones,0,3
Kevin,Henderson,0,2
Jim,Zoet,0,1
Walt,Wesley,0,10
Bill,Chamberlain,0,1
Alex,Scales,0,0
Nicolas,Brussino,2015,2
Milt,Palacio,0,7
Rashad,McCants,2005,4
DeJuan,Blair,2009,6
Bimbo,Coles,1990,14
Matisse,Thybulle,2019,1
Phil,Walker,0,1
Michael,Jordan,1984,15
Charlie,Parsley,0,1
Chad,Kinch,0,1
Sim,Bhullar,2014,0
Greivis,Vasquez,2010,6
Tony,Price,0,1
Jerome,Anderson,0,2
Talen,Horton-Tucker,2019,1
Xavier,Henry,2010,5
Pete,Lalich,0,1
Jared,Dudley,2007,12
Jim,Loscutoff,0,9
DeVaughn,Akoon-Purcell,2016,1
Sekou,Doumbouya,2019,1
Slavko,Vranes,2003,0
Coty,Clarke,2014,0
Tharon,Mayes,0,1
Jerome,James,1998,9
Rick,Weitzman,0,1
Acie,Earl,1993,4
Amal,McCaskill,1996,4
Jason,Collier,2000,5
Larry,Demic,0,3
Rock,Lee,0,1
Mikal,Bridges,2018,2
John,Chaney,0,1
Walter,McCarty,1996,10
Reggie,Theus,0,13
John,Schweitz,0,2
Ratko,Varda,0,1
Truck,Robinson,0,11
Michael,Davis,0,1
Ron,Sobie,0,4
Zaza,Pachulia,2003,15
Nate,Johnston,0,1
John,Kuester,0,3
Trey,Johnson,2007,3
Tom,King,0,1
Chris,Garner,0,2
Ron,Carter,0,2
Etdrick,Bohannon,0,4
Vincent,Edwards,2018,1
Luis,Scola,2002,9
Jim,Baechtold,0,5
George,Patterson,0,1
Dominic,McGuire,2007,6
Gary,Clark,2018,2
AJ,Hammons,2016,1
Cole,Aldrich,2010,7
Doug,Collins,0,8
Shaquille,Harrison,2016,3
Walt,Lautenbach,0,1
Dan,Langhi,2000,4
Donte,Grantham,2018,1
Blue,Edwards,1989,10
Bob,Warlick,0,4
Vlatko,Cancar,2017,1
JJ,Hickson,2008,7
Alex,Stivrins,0,2
Tony,Dawson,0,2
Gene,Gillette,0,1
Rondae,Hollis-Jefferson,2015,4
Luol,Deng,2004,14
Marcin,Gortat,2005,11
Tracy,Moore,0,5
Dick,Duckett,0,1
Fernando,Martin,0,1
Carlton,McKinney,0,2
Sam,Bowie,0,10
Troy,Murphy,2001,12
Alex,Abrines,2013,3
William,Kennedy,0,1
Rodney,Buford,1999,5
Mark,Madsen,2000,9
Ralph,Jackson,0,1
Tony,Zeno,0,1
DeAndre,Liggins,2011,5
Tarence,Kinsey,2006,3
Michael,Jackson,0,3
Chris,Porter,2000,1
Dan,Gadzuric,2002,10
Tom,Gugliotta,1992,13
Garret,Siler,2009,1
Cedric,Henderson,1997,5
Maalik,Wayns,2012,2
Duane,Klueh,0,2
Rollen,Hans,0,2
Daryl,Macon,2018,2
Patrick,Ewing,2008,1
George,Karl,0,2
Marial,Shayok,2019,1
Gary,Garland,0,1
Marques,Johnson,0,11
Mike,Harris,2005,4
Johnny,High,0,4
Travis,Knight,1996,7
Malik,Hairston,2008,2
Bob,Tough,0,2
James,Wilkes,0,3
Keita,Bates-Diop,2018,2
Andreas,Glyniadakis,2003,1
Oshae,Brissett,2019,1
Chad,Gallagher,0,1
Charles,Smith,1988,9
John,Salley,1986,11
Elvin,Hayes,0,16
Lamar,Patterson,2014,1
Shellie,McMillon,0,4
Wenyen,Gabriel,2018,1
Solomon,Alabi,2010,2
Stephen,Jackson,1997,14
Jordan,Hamilton,2011,4
Jason,Hart,2000,9
Bob,McAdoo,0,14
Jack,Sikma,0,14
Dave,Minor,0,2
Don,Chaney,0,11
Nate,Bowman,0,5
Kelvin,Upshaw,0,3
DeMarco,Johnson,1998,0
Darryl,Johnson,1987,1
Justin,Robinson,2019,1
Brad,Branson,0,2
Bill,Tosheff,0,3
Stacey,King,1989,8
William,Bedford,0,6
Shaler,Halimon,0,4
Earl,Williams,0,4
Jack,Eskridge,0,1
Damon,Stoudamire,1995,13
Lowes,Moore,0,3
Cedric,Maxwell,0,11
Rick,Hughes,0,0
Jimmy,King,1995,2
Joe,Ingles,2009,5
Michael,Anderson,0,1
Alonzo,Bradley,0,3
Rafer,Alston,1998,11
Luke,Witte,0,3
Chuck,Halbert,0,5
Joe,Chealey,2018,2
Donta,Hall,2019,1
Ed,Melvin,0,1
Roy,Hurley,0,1
Corny,Thompson,0,1
Anthony,Miller,1994,8
Antoine,Carr,1983,16
Jamison,Brewer,2001,4
Flip,Murray,2002,8
Kevin,Ollie,0,13
Jim,Neal,0,2
Dan,Majerle,1988,14
Elton,Brand,1999,16
Ming,Yao,2002,8
Claude,Gregory,0,2
Alan,Sawyer,0,1
Stanley,Jackson,0,1
Clarence,Glover,0,1
George,Zidek,1995,3
Kelly,Tripucka,0,10
Andre,Miller,1999,16
M.L.,Carr,0,9
Drazen,Petrovic,0,4
Dontell,Jefferson,2006,1
Jaron,Blossomgame,2017,1
Jabari,Brown,2014,1
Wilbur,Holland,0,4
Ryan,Bowen,1998,10
Melvin,Newbern,0,1
Nick,Anderson,1989,13
Anthony,Johnson,1997,13
Dave,Zeller,0,1
Leon,Wood,0,6
Corey,Brewer,2007,11
Plummer,Lott,0,2
Charles,Jenkins,2011,2
Othell,Wilson,0,2
Ed,Dahler,0,1
Marial,Shayok,2019,1
Mike,Barr,0,1
Jerome,Henderson,0,2
Darius,Johnson-Odom,2012,2
Larry,Steele,0,9
Carsen,Edwards,2019,1
Alan,Anderson,2005,7
Victor,Claver,2009,3
Chris,Copeland,2006,3
Alexander,Johnson,2006,2
Wayne,Yates,0,1
Stanley,Johnson,2015,4
Patrick,Christopher,2010,1
Leon,Powe,2006,5
Brian,Skinner,1998,14
Irv,Bemoras,0,2
Tim,Ohlbrecht,2010,1
Kenny,Satterfield,2001,2
Bobby,Lewis,0,4
Gene,Stump,0,3
Terrance,Roberson,0,0
Ollie,Mack,0,3
Mike,Evans,0,9
Don,Martin,0,3
Gary,Gregor,0,5
Lester,Hudson,2009,4
Toure',Murry,2012,2
Ricky,Davis,1998,12
Howard,Carter,0,2
Connie,Simmons,0,10
Allan,Bristow,0,9
Kenny,Natt,0,3
Al,Negratti,0,1
Tate,Armstrong,0,2
Boban,Marjanovic,2010,4
Ben,Scharnus,0,2
Joel,Embiid,2014,4
Wiley,Peck,0,1
Otis,Howard,0,1
Andrew,Lang,1988,12
Eddie,Griffin,2001,5
Kwame,Brown,2001,12
Dave,Wohl,0,7
Naz,Mitrou-Long,2017,3
John,Starks,0,13
Matt,Bullard,0,11
Julian,Washburn,2015,1
Gus,Johnson,0,10
Otis,Thorpe,1984,17
John,Brown,0,7
Zach,LaVine,2014,5
David,Andersen,2002,2
George,Glamack,0,1
Cheick,Diallo,2016,4
Guy,Williams,0,2
Adrian,Branch,0,4
Arthur,Williams,0,7
Jerry,Fleishman,0,5
Al,Lucas,0,1
Cam,Reddish,2019,1
Luis,Flores,2004,1
Len,Elmore,0,8
Leandro,Barbosa,2003,13
Derrick,Rowland,0,1
Devin,Robinson,2017,2
Barney,Cable,0,6
Robert,Whaley,2005,1
Gerald,Glass,0,4
Johnny,Simmons,0,1
Charles,Thomas,0,1
Scott,Sims,0,1
Chris,Engler,0,5
David,Pope,0,2
Aaron,James,0,5
Whitey,Skoog,0,6
Bart,Kofoed,0,5
DeJuan,Wheat,1997,2
Raymond,Brown,0,1
Zydrunas,Ilgauskas,1996,13
Scott,Meents,0,2
Dedric,Willoughby,0,0
Othello,Hunter,2008,2
Chandler,Hutchison,2018,2
Justin,Patton,2017,3
Vincent,Poirier,2015,1
Freddie,Lewis,0,2
Jason,Miskiri,0,0
Anthony,Tucker,0,1
Derrick,Dial,1998,4
Carlos,Arroyo,2001,9
Jesse,Arnelle,0,1
Ed,Lawrence,0,1
Billy,Thomas,0,3
Grant,Williams,2019,1
Voshon,Lenard,1994,11
Giannis,Antetokounmpo,2013,6
Hank,Biasatti,0,1
Steve,Stipanovich,0,5
Cory,Higgins,2011,2
Len,Kosmalski,0,2
Orlando,Johnson,2012,2
Stephen,Howard,0,4
Larry,Siegfried,0,9
Darius,Garland,2019,1
Steve,Jones,0,1
Michael,Ansley,0,3
Alize,Johnson,2018,2
Goebel,Ritter,0,3
Patrick,Eddie,0,1
Henry,Walker,2008,5
Rich,Niemann,0,2
Jeff,McInnis,1996,11
Johnny,Norlander,0,5
Rashad,Vaughn,2015,2
Dwayne,Bacon,2017,3
Bob,McCann,1987,5
Grady,Lewis,0,3
Kevin,Johnson,1987,12
Nicolas,Laprovittola,2012,0
Britton,Johnsen,2003,2
Darrell,Brown,0,1
Matt,Freije,2004,2
Thomas,Hamilton,0,2
Phil,Hicks,0,2
Dick,Hemric,0,2
Luc,Longley,1991,10
Mitchell,Anderson,0,3
Damian,Jones,2016,4
Marques,Bragg,0,1
Sheldon,Mac,2016,1
Gus,Bailey,0,5
Art,Heyman,0,3
Rodney,Rogers,1993,12
Antonio,Harvey,0,8
Vincent,Hunter,2015,1
Trey,Lyles,2015,4
Grady,O'Malley,0,1
Rusty,LaRue,0,5
Bob,Hogsett,0,1
Harold,Miner,1992,4
Rich,Jones,0,1
JamesOn,Curry,2007,1
Jeremy,Evans,2010,6
Rick,Calloway,0,1
Phil,Sellers,0,1
Bob,Fitzgerald,0,2
Dick,Dickey,0,1
James Michael,McAdoo,2014,3
Gigi,Datome,2010,2
Wilbert,Kautz,0,1
Carl,Nicks,0,3
Johnathan,Motley,2017,3
Mike,Taylor,2008,1
Billy,Cunningham,0,9
JJ,Redick,2006,13
Allan,Ray,2006,1
Ray,Spalding,2018,1
Lancaster,Gordon,0,4
Elmo,Morgenthaler,0,2
Craig,Shelton,0,2
Alex,Bradley,0,1
Michael,Hawkins,0,4
Ben,Simmons,2016,3
Bob,Weiss,0,12
Norm,Cook,0,2
Michael,Wallace,0,1
Mamadou,N'diaye,2000,5
Glen,Selbo,0,1
Miye,Oni,2019,1
Anthony,Goldwire,1994,8
Clay,Johnson,0,3
Don,Reid,1995,8
Darius,Miller,2012,5
George,Gervin,0,10
Michael,Gbinije,2016,1
Tayshaun,Prince,2002,13
Rich,King,1991,4
Gus,Johnson,0,10
Joe,Harris,2014,5
KZ,Okpala,2019,1
Rex,Walters,1993,7
Sasha,Pavlovic,2003,10
Roy,Hinson,0,8
Arinze,Onuaku,2010,3
Wade,Baldwin IV,2016,3
Billy,Paultz,0,9
Edwin,Kachan,0,1
Dwayne,Polee,0,1
Chet,Carlisle,0,1
Jamaal,Magloire,2000,12
Thomas,Bryant,2017,3
Medford,Park,0,5
Bill,Laimbeer,0,14
Terence,Davis,2019,1
Haywoode,Workman,1989,8
Nick,Calathes,2009,2
Chuck,Mrazovich,0,1
Ray,Scott,0,9
Dane,Suttle,0,2
Desmon,Farmer,2004,2
David,Wear,2014,0
Jerry,Baskerville,0,1
Miroslav,Raduljica,2010,2
Andy,Panko,0,0
Channing,Frye,2005,12
Negele,Knight,1990,6
Alex,Poythress,2016,3
Tahjere,McCall,2017,1
Rawle,Alkins,2018,1
Bruce,Brown,2018,2
Alvin,Scott,0,8
Mark,Jones,1998,1
Antonius,Cleveland,2017,2
Pat,Connaughton,2015,4
Donell,Taylor,2005,2
Bob,Carrington,0,2
Nate,McMillan,1986,12
Jarell,Martin,2015,3
Howie,Jolliff,0,3
Art,Spector,0,4
Dave,Schellhase,0,2
Tony,Campbell,0,11
Isiah,Thomas,0,13
John,Austin,0,1
Hakim,Warrick,2005,8
Ian,Clark,2013,5
Brandon,Rush,2008,8
Charlie,Criss,0,8
Marcus,Cousin,2009,1
Tacko,Fall,2019,1
Robert,Horry,1992,16
Charlie,Tyra,0,5
LeBron,James,2003,16
Scott,Roth,0,3
Jake,Bornheimer,0,2
Brandon,Paul,2013,1
Linton,Johnson,2001,6
Bruno,Caboclo,2014,5
Rick,Wilson,0,2
Steve,Sheppard,0,2
Kevin,Pritchard,1990,4
Al,Carlson,0,1
Winford,Boynes,0,3
Jaylen,Brown,2016,4
Lee,Robbins,0,2
Dick,Fitzgerald,0,2
Isaiah,Hartenstein,2017,2
Billy,McKinney,0,7
Wayne,Cooper,0,14
Jaylen,Brown,2016,4
Thomas,Welsh,2018,1
Doyle,Parrack,0,1
Marial,Shayok,2019,1
Howie,Carl,0,1
DeAndre',Bembry,2016,4
Trenton,Hassell,2001,9
Kareem,Abdul-Jabbar,0,20
J.R.,Henderson,1998,1
Keith,Van Horn,1997,9
Robert,Hawkins,0,4
Royce,O'Neale,2015,3
Dave,Sorenson,0,3
Joe,Smyth,0,1
John,Paxson,0,11
Chris,Bosh,2003,12
Anthony,Carter,1998,13
Kebu,Stewart,1997,1
Joe,Holland,0,3
Chris,Johnson,2012,3
Tom,Kron,0,3
Jaylen,Hoard,2019,1
Ben,Coleman,0,5
Joe,Cooke,0,1
Ryan,Anderson,2008,11
Joe,Crawford,2008,1
Michael,McDonald,1995,0
Giff,Roux,0,3
Keith,Appling,2014,0
James,White,2006,3
Tyler,Cook,2019,1
John,Battle,1985,10
John,Lucas,0,14
Terry,Thomas,0,1
Bob,Hopkins,0,4
Clint,Wager,0,1
Reggie,Evans,2002,13
Robert,Lock,0,1
Kenny,Green,0,2
Patrick,O'Bryant,2006,4
Kenny,Payne,0,4
Horace,McKinney,0,6
John,Thomas,1997,5
Jim,Marsh,0,1
Alton,Lister,1981,16
Quinton,Ross,2003,7
Jim,Creighton,0,1
David,Harrison,2004,4
Kennard,Winchester,0,3
Frank,Johnson,0,10
Brian,Howard,0,2
Roko,Ukic,2005,2
Carl,McNulty,0,1
Ron,Feiereisel,0,1
Mike,Bloom,0,2
William,Howard,2015,1
Kris,Dunn,2016,4
Jason,Kidd,1994,19
Ed,Horton,0,1
Mfiondu,Kabengele,2019,1
Ben,Schadler,0,1
Bracey,Wright,2005,2
Zaid,Abdul-Aziz,0,10
Steve,Nash,1996,18
Major,Jones,0,6
Bruce,Hale,0,3
Keith,Langford,2005,1
Devin,Green,2005,1
Will,Conroy,2005,3
Leo,Mogus,0,4
Roland,Taylor,0,1
Randy,Brown,1991,12
Reggie,Smith,0,2
Reggie,Miller,1987,18
Charles,Oakley,1985,19
Darius,Garland,2019,1
Jeff,Halliburton,0,2
Francis,Mahoney,0,2
David,West,2003,14
Jarrell,Brantley,2019,1
Robert,Rose,0,1
Richard,Jefferson,2001,16
Jeff,Foster,1999,13
Jorge,Gutierrez,2012,2
Chuck,Gilmur,0,5
Sherell,Ford,1995,1
Alan,Ogg,0,3
Phil,Chenier,0,10
Bud,Koper,0,1
James,Robinson,1993,7
Terence,Stansbury,0,3
Michelle,Snow,2002,0
Ernie,Vandeweghe,0,6
Norris,Cole,2011,5
Khem,Birch,0,3
Kerry,Kittles,1996,8
Hanno,Mottola,2000,2
George,McCloud,1989,12
Bob,Riley,0,1
Lorenzo,Charles,0,1
Sam,Worthen,0,2
Walter,Dukes,0,8
Mark,Eaton,0,11
Henry,Pearcy,0,1
Ed,Stanczak,0,2
Bruce,Flowers,0,1
Kevin,Durant,2007,11
Dick,Shrider,0,1
Bob,Hahn,0,1
Ky,Bowman,2019,1
Troy,Williams,2016,3
Grant,Hill,1994,18
Miye,Oni,2019,1
Mario,West,2007,4
Elmer,Bennett,1992,3
Jack,Rocker,0,1
Earl,Evans,0,1
Doug,Holcomb,0,1
Wesley,Johnson,2010,8
Ron,Anderson,0,10
Trevor,Ariza,2004,15
Wilfred,Goodwin,0,2
Garrett,Temple,2009,9
Michael,Dickerson,1998,5
Walt,Gilmore,0,1
Jake,Layman,2016,4
Al,Henry,0,2
Alize,Johnson,2018,2
Michael,Young,0,3
Vonteego,Cummings,1999,3
George,Thompson,0,1
Shabazz,Muhammad,2013,4
Art,Long,0,3
Donte,DiVincenzo,2018,2
Ledell,Eackles,1988,7
Bernard,Toone,0,1
Rodney,McGruder,2013,4
Bob,Davis,0,1
Jim,Smith,0,2
Mike,Iuzzolino,0,2
Lamond,Murray,1994,11
Monta,Ellis,2005,11
Norman,Black,0,1
Tony,Kappen,0,1
Quincy,Douby,2006,3
Tony,Mitchell,2013,1
Andre,Brown,2004,3
Walter,Palmer,0,2
Alan,Hardy,0,2
Guy,Morgan,0,1
Steven,Hill,2008,1
Josh,Akognon,2009,1
Bobby,Wanzer,0,9
Bob,Anderegg,0,1
Jimmy,Walker,0,9
Dick,Barnett,0,14
Garland,O'Shields,0,1
Keith,Closs,0,3
Jaylen,Morris,2017,2
Kemba,Walker,2011,8
John,Douglas,0,2
Jason,Thompson,2008,7
Tyler,Dorsey,2017,2
Sean,Lampley,2001,2
Josh,Davis,2002,4
Ken,Murray,0,3
Greg,Smith,2011,4
Glen,Davis,2007,8
Gary,Voce,0,1
Jerome,Harmon,0,1
Trevon,Duval,2018,1
Tyler,Ulis,2016,3
Antoine,Rigaudeau,0,0
Lonnie,Walker IV,2018,2
Jamaal,Tinsley,2001,11
Stan,Stutz,0,3
Paul,McCracken,0,3
Harold,Pressley,0,4
Jianlian,Yi,2007,5
Blaine,Denning,0,1
Junior,Burrough,1995,1
Charles,Cooke,2017,1
Bob,Wood,0,1
Roy,Rogers,1996,3
Adrian,Smith,0,10
Ben,Bentil,2016,1
Elias,Harris,2013,0
Jack,Givens,0,2
Devin,Ebanks,2010,3
Pat,Dunn,0,1
Angelo,Musi,0,3
Connie,Norman,0,3
Charles,Acton,0,1
Norvel,Pelle,0,1
Coulby,Gunther,0,2
Bruce,Brown,2018,2
Jordan,Bell,2017,3
Dusty,Hannahs,2017,2
Michael,Porter Jr.,2018,1
Andy,Panko,0,0
Nickeil,Alexander-Walker,2019,1
Mel,Gibson,0,1
Shawn,Marion,1999,16
Jerry,West,0,14
Seth,Curry,2013,5
Myke,Henry,2016,1
Bob,Martin,0,2
Cristiano,Felicio,2014,4
Tyrone,Hill,1990,14
Kirk,Snyder,2004,4
Rabbit,Walthour,0,1
Allen,Crabbe,2013,6
Brad,Wright,0,2
Terry,Davis,0,10
Shawn,Long,2016,1
Leo,Gottlieb,0,2
Ken,McBride,0,1
Eric,Mika,2017,1
Kevin,O'Shea,0,3
Lazaro,Borrell,0,1
Elliot,Williams,2010,3
Gerald,Madkins,0,3
Fred,Diute,0,1
Kelly,McCarty,0,1
Lewis,Brown,0,1
Kevin,Martin,2004,11
Jay,Williams,2002,1
Troy,Daniels,2013,6
Jonathan,Isaac,2017,3
RJ,Barrett,2019,1
Pete,Cross,0,3
Nando,De Colo,2009,2
Ron,Shavlik,0,2
Ronnie,Brewer,2006,8
Montrezl,Harrell,2015,4
Mike,Davis,0,4
Marcus,Webb,0,1
Chris,Babb,2013,1
Priest,Lauderdale,1996,2
Danny,Fortson,1997,10
Buddy,Jeannette,0,3
Stan,McKenzie,0,7
Yaroslav,Korolev,2005,2
Dwight,Buycks,2011,3
Jeryl,Sasser,2001,2
Ralph,Kaplowitz,0,2
Will,Bynum,2005,8
Wayne,Kreklow,0,1
Jim,Fritsche,0,2
Anthony,Cook,0,4
Hank,McDowell,0,6
Hersey,Hawkins,1988,13
Kris,Joseph,2012,1
Murray,Wier,0,1
Tyreke,Evans,2009,9
Earl,Watson,2001,13
Charles,O'Bannon,0,0
Sherron,Collins,2010,0
Wally,Osterkorn,0,4
Travis,Wear,2014,2
John,Shumate,0,5
Austin,Croshere,1997,12
Jabari,Bird,2017,1
Jordan,Clarkson,2014,5
Jeremy,Lamb,2012,7
Efthimios,Rentzias,1996,1
Bryce,Dejean-Jones,2015,0
Larry,Staverman,0,5
Shake,Milton,2018,2
Wally,Anderzunas,0,1
Eric,Moreland,2014,3
Cornell,Warner,0,7
Ed,Earle,0,1
Lee,Shaffer,0,3
Greg,Minor,1994,5
Don,Williams,0,1
Zach,Norvell Jr.,2019,1
Chris,Chiozza,2018,2
Tim,Hardaway,1989,13
London,Perrantes,2017,1
Kevin,Burleson,2003,1
Theron,Smith,2003,2
Don,Meineke,0,5
Zion,Williamson,2019,1
Karl-Anthony,Towns,2015,4
Kenrich,Williams,2018,2
Wilson,Washington,0,2
Jim,Davis,0,8
Wayne,Stevens,0,1
Kyle,Guy,2019,1
Bill,Bradley,0,10
Jimmy,Collins,0,2
Nate,Thurmond,1963,14
Robert,Churchwell,0,1
Lonnie,Walker IV,2018,2
Jose,Calderon,2003,13
Mel,McGaha,0,1
Jack,Haley,1987,9
Fred,Foster,0,8
Barry,Kramer,0,1
Bob,Sura,1995,10
Mike,Gibson,0,2
Jonathan,Gibson,2010,2
Chet,McNabb,0,1
Cedric,Henderson,0,1
Ward,Gibson,0,1
Brandon,Williams,1996,0
P.J.,Washington,2019,1
Richard,Atha,0,2
Hiram,Fuller,2003,0
Greg,Butler,0,3
Leroy,Ellis,0,14
Leon,Smith,1999,2
Alec,Peters,2017,1
Joe,Colone,0,1
Cedric,Lewis,0,1
Bruno,Fernando,2019,1
John W.,Hazen,0,1
Corey,Gaines,0,5
Rick,Carlisle,0,5
Johnny,Kerr,0,12
Vince,Boryla,0,5
Mark,Minor,0,1
Earl,Jones,0,2
Keith,Owens,0,1
Eric,Dawson,2007,1
John,Coker,0,3
Bob,Carpenter,0,2
Daequan,Cook,2007,6
Dominique,Jones,2010,3
Andray,Blatche,2005,9
Bob,Evans,0,1
Dave,Robisch,0,8
Darrall,Imhoff,0,12
Matt,Wenstrom,0,1
Carsen,Edwards,2019,1
Marcus,Paige,2016,1
Damian,Jones,2016,4
Casey,Jacobsen,2002,4
Earl,Lloyd,0,9
DeSagana,Diop,2001,12
Caldwell,Jones,0,14
Nolan,Smith,2011,2
Costic,Borsavage,0,1
Omri,Casspi,2009,9
Lou,Spicer,0,1
Malik,Allen,2000,10
Jerome,Allen,1995,2
Nat,Militzok,0,1
Rafael,Araujo,2004,3
Larry,Micheaux,0,2
John,Konchar,2019,1
Marcus,Georges-Hunt,2016,2
Leo,Kubiak,0,1
Ed,Sadowski,0,4
Roylee,Hamilton,0,2
Walt,Hazzard,0,10
Jordan,Poole,2019,1
Jacob,Wiley,2017,1
Darrell,Allums,0,1
Bob,Nash,0,4
Dee,Brown,1990,12
Vitaly,Potapenko,1996,11
Jalen,Brunson,2018,2
Gary,Suiter,0,1
Frank,Kornet,0,2
Bill,Cartwright,0,15
Marc,Gasol,2007,11
Les,Pugh,0,2
Bato,Govedarica,0,1
Rod,Foster,0,3
Mark,Radford,0,2
Jack,Twyman,0,11
Henry,Bibby,0,9
Fred,Cofield,0,2
Jamal,Sampson,2002,5
Brad,Lohaus,1987,11
John,Mahnken,0,7
Royce,White,2012,1
Gundars,Vetra,0,1
Armand,Cure,0,1
Rich,Kelley,0,11
Don,Anielak,0,1
Neal,Walk,0,8
Chet,Aubuchon,0,1
Hilton,Armstrong,2006,6
Michael,Holton,0,6
Shane,Edwards,0,1
Andre,Barrett,2004,4
Stanley,Brundy,0,1
Matt,Fish,1992,3
Forest,Able,0,1
Aaron,Gordon,2014,5
Bob,Verga,0,1
Nathan,Jawai,2008,2
George,Wilson,0,7
Ben,Davis,1996,0
Erik,McCree,2017,1
Andrei,Kirilenko,1999,13
T.R.,Dunn,0,14
Myles,Turner,2015,4
Luke,Jackson,2004,4
Jim,Chones,0,8
Justin,Hamilton,2012,3
Dolph,Schayes,0,15
Matt,Bonner,2003,11
Wayne,Robinson,0,1
Bonzi,Wells,1998,10
James,Worthy,1982,12
Trey,McKinney-Jones,2013,1
Mike,Mitchell,0,10
Len,Chappell,0,9
Kyle,Kuzma,2017,3
Andres,Nocioni,2001,8
Pau,Gasol,2001,17
Javonte,Green,2015,1
Daniel,Gibson,2006,7
Happy,Hairston,0,11
Joe,Strawder,0,3
Kelenna,Azubuike,2005,5
Jim,Brewer,0,9
Keith,Benson,2011,1
Cliff,Pondexter,0,3
Jack,Nichols,0,9
Donald,Martin,0,2
Gene,Conley,0,6
JaKarr,Sampson,2014,4
Alan,Henderson,1995,12
Marion,Cluggish,0,1
Bailey,Howell,0,12
Eric,Murdock,1991,9
Dan,Gadzuric,2002,10
Voise,Winters,0,1
JJ,O'Brien,2015,0
J.P.,Macura,2018,2
Luke,Kornet,2017,3
Jonathan,Isaac,2017,3
Jeremy,Richardson,2006,3
Mel,Hirsch,0,1
Pooh,Jeter,2006,1
Dewayne,Dedmon,2013,6
Sly,Williams,0,7
Eugene,Kennedy,0,1
Klay,Thompson,2011,7
Devonte',Graham,2018,2
Isaiah,Morris,0,1
Isaiah,Whitehead,2016,2
George,Ratkovicz,0,6
Jack,Foley,0,1
Mike,Silliman,0,1
Tom,Owens,0,7
Radisav,Curcic,0,1
Mel,Turpin,0,5
Torgeir,Bryn,0,1
Phil,Martin,0,1
Ronnie,Price,2005,11
Dennis,Johnson,0,14
Jarrell,Brantley,2019,1
Bill,Hanzlik,0,10
Kyle,Korver,2003,16
Steve,Hayes,0,5
Andre,Roberson,2013,4
Tyrus,Thomas,2006,8
Chimezie,Metu,2018,2
Bob,Duffy,0,1
Mark,Davis,0,1
Mike,Batiste,0,1
Jim,Reid,0,1
Donnie,Forman,0,1
John,O'Boyle,0,1
Ernest,Brown,2000,1
Glen,Gondrezick,0,6
Kim,English,2012,1
Jarrett,Allen,2017,3
Wayne,Englestad,0,1
Mike,Conley,2007,12
Sterling,Brown,2017,3
Clyde,Lovellette,0,11
Nenad,Krstic,2002,7
B.J.,Armstrong,1989,11
Luguentz,Dort,2019,1
Butch,Carter,0,6
Joe,Roberts,0,3
Derrick,Walton Jr.,2017,2
Shawnelle,Scott,1994,4
Charlie,Share,0,9
Gus,Gerard,0,5
Carlos,Clark,0,2
Mindaugas,Kuzminskas,2011,2
Lou,Hudson,0,13
Gal,Mekel,2008,2
Chris,Paul,2005,14
Tom,Gola,0,10
Royce,White,2012,1
Ish,Smith,2010,9
John,Collins,2017,3
Matt,Williams Jr.,2017,1
Thabo,Sefolosha,2006,13
Frank,Saul,0,6
Wil,Jones,0,2
Malik,Newman,2018,1
Donald,Royal,1987,8
Chris,Washburn,0,2
Joe,Holup,0,3
Chuck,Nevitt,0,9
Goga,Bitadze,2019,1
Nick,Mantis,0,2
Cal,Bowdler,1999,3
Steve,Francis,1999,9
Frank,Mason,2017,3
Bruce,Seals,0,3
Larry,Foust,0,12
William,Avery,1999,3
Reggie,Williams,2008,7
Darnell,Valentine,0,9
Linas,Kleiza,2005,7
Jeff,Nordgaard,1996,0
Donnie,Butcher,0,5
Luc,Mbah a Moute,2008,10
Mel,Thurston,0,1
Austin,Rivers,2012,7
John,Arthurs,0,1
Rex,Morgan,0,2
Yante,Maten,2018,1
Grayson,Allen,2018,2
Olden,Polynice,1987,15
Gino,Sovran,0,1
Michael,Kearns,0,1
Elmore,Spencer,1992,5
Adrian,Caldwell,0,6
Pete,Maravich,0,10
Marquis,Teague,2012,3
Nicolas,Claxton,2019,1
Chris,Johnson,2012,3
Justin,Anderson,2015,4
Quentin,Richardson,2000,13
Josh,Reaves,2019,1
Ronny,Turiaf,2005,10
Dexter,Pittman,2010,4
Lloyd,Dove,0,2
Rod,Freeman,0,1
Will,Blalock,2006,1
Romeo,Langford,2019,1
Dave,Scholz,0,1
Jim,Brogan,0,2
Dave,Cowens,0,11
Kalin,Lucas,2011,2
Taj,Gibson,2009,10
Wayne,Sappleton,0,1
Johnny,Warren,0,5
Frank,Kendrick,0,1
Tim,Thomas,1997,13
Lance,Allred,2005,1
Justin,Harper,2011,2
Rayjon,Tucker,2019,1
Manny,Harris,2010,4
Matisse,Thybulle,2019,1
Gerald,Paddio,0,3
Mark,Landsberger,0,7
Darrell,Walker,0,10
Malcolm,Brogdon,2016,4
Korleone,Young,1998,0
Shawne,Williams,2006,7
Jeff,Judkins,0,5
Meyers,Leonard,2012,7
Rickie,Winslow,1987,1
Mike,O'Koren,0,8
Juwan,Howard,1994,19
Mo,Howard,0,1
Felipe,Lopez,1998,4
Danuel,House Jr.,2016,4
Mike,Gminski,0,14
Ed,Kasid,0,1
Tom,Van Arsdale,0,12
Alvin,Heggs,0,1
Jonathon,Simmons,2012,3
Aleksandar,Radojevic,1999,0
Alexey,Shved,2010,3
Robin,Jones,0,2
Richie,Regan,0,3
Mike,Bantom,0,9
Bob,Greacen,0,2
Art,Burris,0,2
Andy,Rautins,2010,1
Troy,Caupain,2017,1
Vinny,Del Negro,1988,12
Mile,Ilic,2005,1
Randy,Holcomb,2002,1
Marv,Roberts,0,1
Kevin,Jones,2012,1
Mike,Glenn,0,10
George,Trapp,0,6
Ned,Endress,0,1
Scooter,McCray,0,3
Tony,Jackson,0,1
Greg,Buckner,1998,10
Willie,Jones,0,5
Zach,Norvell Jr.,2019,1
Seung-Jin,Ha,2004,2
Kelly,Olynyk,2013,6
Corky,Calhoun,0,8
Ryan,Gomes,2005,8
Jaren,Jackson,0,12
Brett,Szabo,0,1
Brandon,Davies,2013,2
Bob,Donham,0,4
Willie,Jones,0,2
Derrick,Zimmerman,2003,0
Will,Perdue,1988,13
Dwayne,Morton,1994,1
Fred,LaCour,0,3
Ron,Reed,0,2
Joe,Cooper,0,3
Bam,Adebayo,2017,3
Anthony,Avent,1991,6
Bill,Zopf,0,1
Bill,Martin,0,3
Howard,Komives,0,10
Keith,Booth,1997,2
Bill,Downey,0,1
John,Gianelli,0,8
Keith,Lee,0,3
Jermaine,Taylor,2009,2
Xavier,Munford,2014,1
Mike,Wilks,2001,7
Ed,Gayda,0,1
Winston,Bennett,0,3
Dick,Cunningham,0,7
Eddie,Phillips,0,1
Dwight,Anderson,0,1
Otto,Schnellbacher,0,1
Georgios,Papagiannis,2016,2
Adam,Mokoka,2019,1
Wally,Walker,0,8
Mark,Jackson,1987,17
Butch,Lee,0,2
Shavlik,Randolph,2005,8
James,Collins,1997,1
Tyler,Cavanaugh,2017,2
Quinndary,Weatherspoon,2019,1
Willie,Somerset,0,1
Paul,Grant,1997,2
Ira,Bowman,0,3
Jason,Williams,1998,12
Chris,Douglas-Roberts,2008,6
Dave,Lattin,0,2
George A.,Pastushok,0,1
Larry,McNeill,0,6
Chris,Mullin,1985,16
Chuck,Hayes,2005,10
Jim,Mooney,0,1
Kenny,Williams,0,4
A.J.,Bramlett,1999,0
Leonard,Taylor,0,1
Mateen,Cleaves,2000,6
Dan,Tieman,0,1
Paul,Silas,0,16
Brian,Martin,0,1
Moses,Brown,2019,1
Ignas,Brazdeikis,2019,1
Richard,Morton,0,1
Wally,Rank,0,1
Jeff,Ruland,0,8
Toby,Kimball,0,9
Sam,Cassell,1993,15
Rich,Rinaldi,0,3
Donald,Sloan,2010,4
Elliot,Perry,1991,10
Rasual,Butler,2002,12
Dewayne,Scales,0,3
Steve,Colter,1984,8
Joseph,Reiser,0,3
Aaron,Holiday,2018,2
Dennis,Smith Jr.,2017,3
James,Anderson,2010,4
Zabian,Dowdell,2007,1
Johnny,Green,0,14
Jeff,Wilkins,0,6
Emeka,Okafor,2004,10
Julius,Randle,2014,5
Garry,Witts,0,1
Guillermo,Diaz,2006,1
Mark,West,1983,17
Duncan,Robinson,2018,2
Richard,Hamilton,1999,14
Johnathan,Williams,2018,2
Gerald,Wilkins,1985,13
Don,Otten,0,4
Milton,Doyle,2017,1
Mickey,Dillard,0,1
John,Amaechi,0,5
Josh,Davis,2002,4
Matt,Maloney,0,6
Tom,Barker,0,2
Dell,Curry,1986,16
Tom,Henderson,0,9
Mitch,Richmond,1988,14
Luke,Rackley,0,5
Nemanja,Nedovic,2013,1
Thomas,Welsh,2018,1
John,Stroeder,0,2
LeRon,Ellis,1991,3
Deb,Smith,0,1
Kostas,Papanikolaou,2012,1
Tate,George,0,4
Owen,Wells,0,1
Khalid,Reeves,1994,6
Harthorne,Wingo,0,4
John,Clemens,0,11
Archie,Dees,0,4
Johnny,Davis,0,10
Keyon,Dooling,2000,13
Tyrone,Britt,0,1
Al,Jackson,0,1
Ryan,Reid,2010,1
Sharrod,Ford,2005,1
Amir,Coffey,2019,1
Lawrence,Funderburke,1994,7
Trevor,Ruffin,0,2
Virgil,Vaughn,0,1
Sammy,Smith,0,2
Fred,Hetzel,0,6
DeMarre,Carroll,2009,10
Roy,Pugh,0,1
Ronnie,Grandison,1987,4
Robbie,Hummel,2012,2
Quincy,Miller,2012,3
Moe,Becker,0,1
Barry,Orms,0,1
Tom,Kozelko,0,3
Harvey,Marlatt,0,3
Jeff,Martin,0,2
Mario,Chalmers,2008,8
Sean,Higgins,1990,6
Jimmy,Carruth,0,0
Gary,Phillips,0,5
James,Blackwell,0,1
Robin,Lopez,2008,11
Charlie,Villanueva,2005,10
Bob,Gross,0,8
Grant,Jerrett,2013,1
George,Sobek,0,1
Charlie,Ward,1994,11
Ibrahim,Kutluay,0,0
Willy,Hernangomez,2015,4
Dominique,Wilkins,1982,15
Josh,Powell,2003,7
Fred,Hoiberg,1995,10
Danny,Green,2009,10
Rollie,Seltz,0,1
Brian,Grant,1994,12
Saul,Mariaschin,0,1
Dion,Glover,1999,6
Greg,Kite,1983,12
Sasha,Vujacic,2004,9
Tyus,Edney,1995,4
Herb,Krautblatt,0,1
George,Feigenbaum,0,2
De'Anthony,Melton,2018,2
Steve,Patterson,0,5
Walter,Devlin,0,3
Al,Skinner,0,4
Rod,Strickland,1988,17
Karl,Malone,1985,19
Tyler,Honeycutt,2011,2
Ray,Allen,1996,18
Darwin,Cook,0,8
Brian,Shaw,1988,14
James,Edwards,1977,19
Arlen,Bockhorn,0,7
J.R.,Bremer,0,2
Brian,Bowen II,2019,1
Chris,Jent,0,2
Udonis,Haslem,2002,16
Rudy,Macklin,0,3
Dan,Roundfield,0,11
Ed,Kalafat,0,3
Vinnie,Johnson,0,13
Gary,Zeller,0,2
God,Shammgod,1997,1
Michael,Adams,1985,11
Bob,Rule,0,8
Dennis,Hopson,0,5
Bobby,Portis,2015,4
Bob,Portman,0,4
Mel,Daniels,0,1
Devean,George,1999,11
Lazar,Hayward,2010,3
John,Rudometkin,0,3
Deandre,Ayton,2018,2
Audley,Brindley,0,1
Dick,Van Arsdale,0,12
Clark,Kellogg,0,5
Jeremy,Pargo,2009,3
K.C.,Jones,0,9
Mark,Jones,1983,0
John,Drew,0,11
Jordan,Bone,2019,1
Bob,Quick,0,4
Wayne,Molis,0,1
Ben,McDonald,0,4
Dick,Garmaker,0,6
Drew,Eubanks,2018,2
George,Pearcy,0,1
Bobby,Cattage,0,2
Connie,Dierking,0,10
David,Cooke,0,1
Wayne,Turner,0,0
Irv,Torgoff,0,3
Chet,Walker,0,13
Walter,Davis,1977,15
Ken,Mayfield,0,1
Bill,Smith,0,1
Tim,Perry,1988,8
Damone,Brown,2001,4
Drew,Barry,1996,3
Isaac,Humphries,2017,1
Bill,Bridges,0,13
Patrick,McCaw,2016,4
JR,Smith,2004,14
Marvin,Bagley III,2018,2
Erik,Murphy,2013,1
Wayne,Ellington,2009,10
Devin,Robinson,2017,2
Mark,Bradtke,0,1
Frank,Selvy,0,9
Joe,Thomas,0,1
Boris,Nachamkin,0,1
Jeff,Sanders,1989,4
Brandon,Clarke,2019,1
Sergei,Monia,2004,0
Roger,Phegley,0,6
Derrick,McKey,1987,15
Tony,Harris,0,3
Demetrius,Calip,0,1
Bill,Mayfield,0,1
Gary,Melchionni,0,2
Carl,Shaeffer,0,2
Fred,Paine,0,1
Ben,Gordon,2004,11
Tree,Rollins,0,18
Pavel,Podkolzin,2004,0
Dewan,Hernandez,2019,1
Stan,Noszka,0,3
Kyle,O'Quinn,2012,7
Lance,Blanks,0,3
Johnny,Ezersky,0,3
Von,Wafer,2005,6
Ed,Ratleff,0,5
Dennis,Layton,0,5
Nerlens,Noel,2013,5
Phil,Jordon,0,7
Kevin,Edwards,1988,11
Doug,McDermott,2014,5
Andres,Guibert,0,2
Perry,Young,0,1
Hal,Crisler,0,1
Sergio,Rodriguez,2006,5
Marlon,Maxey,0,2
James,Webb III,2016,1
Michael,Doleac,1998,10
Dave,Stallworth,0,8
Dick,Bunt,0,1
Red,Rocha,0,9
Al,Jefferson,2004,13
Marko,Jaric,2000,7
Cory,Joseph,2011,8
Kenny,Dennard,0,3
Mo,Bamba,2018,2
Marvin,Williams,2005,14
Michael,Frazier,2015,1
Rowland,Garrett,0,5
Alen,Smailagic,2019,1
Gene,James,0,3
Leonard,Gray,0,3
Dijon,Thompson,2005,2
Brandon,Roy,2006,6
Harold,Johnson,0,1
Bob,Wilson,0,1
Mel,Nowell,0,1
Jerry,Grote,0,1
Dalibor,Bagaric,2000,3
Shawn,Bradley,1993,12
Monte,Morris,2017,3
Gary,Payton II,2016,4
Darrell,Armstrong,0,14
Charlie,Davis,0,8
Ndudi,Ebi,2003,2
Jarrod,Uthoff,2016,2
Essie,Hollis,0,1
Andre,Drummond,2012,7
Raja,Bell,1999,12
Mark,Blount,1997,9
Jim,Browne,0,2
Brian,Winters,0,9
Dennis,DuVal,0,2
Bud,Grant,0,2
Jim,Slaughter,0,1
Patty,Mills,2009,10
Bison,Dele,1991,8
Detlef,Schrempf,1985,16
Archie,Goodwin,2013,3
Clint,McDaniel,0,1
Pace,Mannion,0,6
Wayne,Simien,2005,2
Dave,Feitl,0,5
Geno,Carlisle,0,0
Frankie,Baumholtz,0,1
Jerome,Lane,0,5
Ken,Johnson,0,1
Vern,Mikkelsen,0,10
Alexander,Ellis,0,2
Ray,Lumpp,0,5
Kevin,Porter Jr.,2019,1
Gary,Gray,0,1
Ron,Bonham,0,2
Marcus,Thornton,2009,7
Gerald,Green,2005,11
Cameron,Reynolds,2018,1
Gene,Rock,0,1
Jerome,Dyson,2010,1
Hubert,Davis,1992,12
Warren,Kidd,0,1
Antonio,Blakeney,2017,2
Larry,Bird,1978,13
Jerry,Sloan,0,11
Matt,Mazza,0,1
Jojo,English,0,3
Chris,Crawford,1997,7
CJ,McCollum,2013,6
Tyson,Chandler,2001,18
J.R.,Reid,1989,11
Rasheed,Wallace,1995,16
Blake,Ahearn,2007,3
Glenn,McDonald,0,3
Robert,Williams III,2018,2
Scott,Machado,2012,2
Sean,Marks,1998,11
Stojko,Vrankovic,0,5
Todd,Fuller,1996,5
Anthony,Pullard,0,1
Mike,Brittain,0,2
Chris,Wilcox,2002,11
Chris,Boucher,2017,3
Kaniel,Dickens,2000,3
P.J.,Washington,2019,1
Julius,Hodge,2005,2
Horace,Jenkins,0,1
Cedric,Ball,0,1
Mac,Otten,0,1
Don,Ford,0,7
Alexander,Rosenberg,0,1
Joel,Freeland,2006,3
Terrell,Brandon,1991,11
Dante,Exum,2014,5
Tremont,Waters,2019,1
James,Ennis III,2013,5
Michael,Olowokandi,1998,9
Gary,Grant,1988,13
Howard,Porter,0,7
Jerami,Grant,2014,5
Cuttino,Mobley,1998,11
Othyus,Jeffers,2008,3
Chris,Mills,1993,10
Al,Butler,0,4
Trevon,Duval,2018,1
Chris,Hunter,2006,1
Earl,Tatum,0,4
Kevin,Loder,0,3
Dick,Holub,0,1
Mike,Sojourner,0,3
Doug,Sims,0,1
John,Wallace,1996,7
Chris,Smith,1992,3
Maurice,Stokes,1955,3
Sean,Kilpatrick,2014,3
Cory,Jefferson,2014,1
Pete,Brennan,0,1
Pape,Sow,2004,3
Bill,Walton,0,10
Ralph,Siewert,0,1
Kevin,McKenna,0,6
Vlatko,Cancar,2017,1
Leon,Douglas,0,7
Maurice,Taylor,1997,9
Avery,Johnson,0,16
Vernon,Maxwell,1988,13
Omari,Spellman,2018,2
Duane,Ferrell,0,11
Dick,Triptow,0,2
Johnny,Bach,0,1
Vander,Blue,2013,3
Jack,McMahon,0,8
Jerry,Reynolds,0,8
Justin,Wright-Foreman,2019,1
Shea,Seals,0,0
Daniel,Hamilton,2016,2
Chris,McNealy,0,3
Dino,Radja,1989,4
Coby,Dietrick,0,7
Elston,Turner,0,8
Jason,Kapono,2003,9
Jake,Fendley,0,2
Tony,Dumas,1994,4
Dick,Wehr,0,1
Jim,Les,0,7
Jim,Lampley,0,1
Alvin,Jones,2001,1
Rick,Brunson,0,9
Joe,Reaves,0,1
Howie,Rader,0,1
Willie,Williams,0,1
Ed,Peterson,0,2
Frank,Schade,0,1
Damion,Lee,2016,3
Eldridge,Recasner,0,8
Mckinley,Singleton,0,1
Kyrie,Irving,2011,8
Delaney,Rudd,0,4
Ira,Newble,0,8
Kiki,Vandeweghe,0,13
Al,Wood,0,6
Kevin,Salvadori,0,2
Jemerrio,Jones,2018,1
Chris,Carr,1995,6
Herb,Williams,1981,18
Doug,Smith,1991,5
Ernie,DiGregorio,0,5
Jack,Cotton,0,1
Sean,Singletary,2008,1
Eric,Mika,2017,1
Doug,Edwards,1993,3
Bill,Hewitt,0,6
Dave,Hoppen,0,6
Darnell,Jackson,2008,3
Antonio,Daniels,1997,13
Vladimir,Radmanovic,2001,12
Joakim,Noah,2007,11
Derek,Harper,1983,16
Charles,Jones,1979,15
Allen,Iverson,1996,14
Chris,Gatling,1991,11
Norm,Grekin,0,1
Kyle,Singler,2011,5
Howie,Montgomery,0,1
Duane,Causwell,1990,11
Jordan,Williams,2011,1
Jalen,McDaniels,2019,1
Miles,Bridges,2018,2
John,Collins,2017,3
Gene,Wiley,0,4
Lamont,Strothers,0,2
Omer,Asik,2008,7
Dale,Wilkinson,0,1
Andrew,Goudelock,2011,2
Ray,Kuka,0,2
Vern,Fleming,1984,12
Terry,Cummings,1982,18
Chris,Taft,2005,1
Eric,Washington,1997,2
Howard,Nathan,0,1
Fab,Melo,2012,1
Matt,Guokas,0,10
Grant,Gondrezick,0,2
Lionel,Chalmers,2004,1
Joe,Buckhalter,0,2
Johnny,Rogers,0,2
Lavoy,Allen,2011,5
Ken,Austin,0,1
Melvin,Ely,2002,9
Ivan,Johnson,2007,2
Loren,Meyer,1995,3
Paul,Graham,0,3
Tracy,McGrady,1997,15
Artis,Gilmore,1972,12
Quinn,Cook,2015,4
Bill,Willoughby,0,8
Ivan,Rabb,2017,2
Labradford,Smith,0,3
Brook,Lopez,2008,11
Zabian,Dowdell,2007,1
Kermit,Washington,0,10
Gerry,Ward,0,4
Isaiah,Hicks,2017,2
Mychal,Mulder,2017,1
Aaron,Miles,2005,1
Rick,Adelman,0,7
Jack,Turner,0,1
Dan,O'Sullivan,0,4
Kay,Felder,2016,2
Deng,Adel,2018,1
Eric,Marsh,0,1
Jack,Garfinkel,0,3
Gary,Bergen,0,1
James,Owens,0,2
London,Perrantes,2017,1
Jerald,Honeycutt,1997,2
Donta,Smith,2004,2
Sonny,Weems,2008,3
Darius,Washington,2006,1
Tyler,Zeller,2012,6
Paul,Stovall,0,1
Alfredrick,Hughes,0,1
Rich,Johnson,0,3
Buck,Johnson,0,7
Marcus,Banks,2003,8
Leo,Barnhorst,0,5
Cherokee,Parks,1995,9
Malik,Monk,2017,3
Rik,Smits,1988,12
Chris,Quinn,2006,6
Darrell,Elston,0,1
Chris,McCullough,2015,2
Kevin,Thompson,0,1
Tom,Hoover,0,3
OG,Anunoby,2017,3
Dave,Jamerson,0,3
Mark,Randall,1991,4
Taurean,Green,2007,1
Bob,Miller,0,1
JaJuan,Johnson,2011,1
John,Windsor,0,1
Al,Bianchi,0,10
Mike,Higgins,0,2
Bob,Leonard,0,7
Guy,Rodgers,0,12
LaPhonso,Ellis,1992,11
Ruben,Wolkowyski,0,2
Chris,Singleton,2011,3
John,Wetzel,0,7
Clint,Richardson,0,8
Dyron,Nix,0,1
Evric,Gray,0,0
Jamaal,Franklin,2013,2
Derrick,Alston,1994,3
Kareem,Rush,2002,7
Paul,Napolitano,0,1
Daryl,Macon,2018,2
Garrison,Mathews,2019,1
Marcus,Smart,2014,5
Bobby,Simmons,2001,10
Jawad,Williams,2005,3
Kurt,Rambis,0,14
Deron,Williams,2005,11
Vince,Carter,1998,21
Michael,Redd,2000,12
Clint,Capela,2014,5
Jerry,Fowler,0,1
Darren,Tillis,0,2
Mike,Dunleavy,0,11
Henry,Ellenson,2016,4
David,Rivers,0,3
Elden,Campbell,1990,15
George,Lee,0,7
Jake,Jones,0,1
Tony,Brown,0,7
Kurk,Lee,0,1
Bill,Turner,0,6
Brian,Davis,0,1
Bojan,Bogdanovic,2011,5
Matt,Zunic,0,1
Steve,Burtt,0,4
Larry,Owens,2006,2
Othyus,Jeffers,2008,3
Luther,Green,0,1
Zoran,Dragic,2011,1
Domantas,Sabonis,2016,4
Lance,Allred,2005,1
Andy,Johnson,0,4
Paul,George,2010,9
Curtis,Rowe,0,8
Vladimir,Stepania,1998,6
Roshown,McLeod,1998,3
Bobby,Cook,0,1
Danny,Finn,0,3
Milos,Teodosic,2009,2
Deonte,Burton,2017,2
Joel,Bolomboy,2016,2
Tito,Maddox,2002,1
Anzejs,Pasecniks,2017,1
Chris,King,1993,3
Keith,Erickson,0,12
Reggie,Carter,0,2
Ricky,Berry,0,1
Kyle,Guy,2019,1
Mychal,Thompson,0,12
Rudy,Tomjanovich,0,11
Ben,Goldfaden,0,1
Doc,Rivers,1983,13
Tim,Quarterman,2016,2
Matt,Walsh,2005,1
Harvey,Grant,1988,11
Jacky,Dorsey,0,3
Lee,Knorek,0,4
Ed,Macauley,0,10
Jay,Arnette,0,3
Marco,Belinelli,2007,12
Adrian,Griffin,0,9
Campy,Russell,0,9
Stan,Kimbrough,0,2
Hamed,Haddadi,2004,5
Bo,Ellis,0,3
Rasho,Nesterovic,1998,12
Pete,Williams,0,2
Harold,Keeling,0,1
Lavor,Postell,2000,3
Tony,Robertson,0,2
Sam,Vincent,0,7
Mychal,Mulder,2017,1
PJ,Hairston,2014,1
Kosta,Koufos,2008,10
Erik,Daniels,2004,1
Tom,Payne,0,1
Kevin,Willis,1984,21
Ron,Williams,0,8
Ronnie,MacGilvray,0,1
Greg,Kelser,0,6
Brandon,Clarke,2019,1
Bill,Herman,0,1
John,Niemiera,0,2
Dennis,Awtrey,0,12
Jarvis,Varnado,2010,2
Dwight,Morrison,0,3
Will,Barton,2012,7
Gilbert,Arenas,2001,11
James,Davis,0,1
Jim,Nolan,0,1
Greg,Anthony,1991,11
Freddie,Crawford,0,5
Demetris,Nichols,2007,2
Fred,Roberts,1982,13
Andrew,Gaze,0,2
Troy,Williams,2016,3
Oscar,Robertson,1960,14
Terry,Driscoll,0,5
Vern,Gardner,0,3
Bruce,Kuczenski,0,1
Bob,Thornton,1984,8
Yaroslav,Korolev,2005,2
Lawrence,Roberts,2005,2
Josh,Hart,2017,3
Tristan,Thompson,2011,8
Darrun,Hilliard,2015,2
Steve,Alford,0,4
Ed,Beach,0,1
Paul,Griffin,0,7
Thomas,Eddleman,0,4
Justin,Wright-Foreman,2019,1
Courtney,Lee,2008,11
Mike,Flynn,0,2
Steve,Hamilton,0,2
Jacob,Evans,2018,2
Bob,Dille,0,1
Jack,Parr,0,1
Kenyon,Martin,2000,15
Isaiah,Briscoe,2017,1
Don,Carlson,0,4
Rolando,Blackman,0,13
Larry,Costello,0,12
Travis,Hansen,2003,1
Bob,Armstrong,0,1
David,Nwaba,0,4
Sylvester,Norris,0,1
Paul,Long,0,3
Juan Carlos,Navarro,2002,1
Tim,Hardaway Jr.,2013,6
Craig,Raymond,0,1
Jake,Pelkington,0,1
Jelani,McCoy,1998,8
Dave,Bing,0,12
Anthony,Parker,1997,9
Mike,Morrison,0,1
Ray,Spalding,2018,1
Justin,Holiday,2011,6
Erick,Strickland,0,9
Omari,Johnson,2012,1
Oleksiy,Pecherov,2006,3
Tom,Ingelsby,0,1
Yakhouba,Diawara,2005,4
Delonte,West,2004,8
Lamar,Odom,1999,14
Evan,Fournier,2012,7
Branden,Dawson,2015,0
Jason,Sasser,1996,2
Chuck,Williams,0,2
Swen,Nater,0,8
Elijah,Millsap,2010,2
J.J.,Barea,2006,13
Bill,Robinzine,0,7
James,Posey,1999,12
Clinton,Smith,0,2
Jerry,Smith,2010,1
Jamie,Feick,1996,5
Gary,Trent Jr.,2018,2
Perry,Warbington,0,1
Ron,Behagen,0,7
Kevin,Knox II,2018,2
Mack,Calvin,0,4
Clifford,Robinson,1989,18
Kim,Hughes,0,5
Ernie,Calverley,0,3
Arvydas,Sabonis,1986,7
Mel,Payton,0,2
Frido,Frey,0,1
Stephane,Lasme,2007,1
Jerry,Stackhouse,1995,18
Michael,Wiley,0,2
Uros,Slokar,2005,1
Ignas,Brazdeikis,2019,1
Mickael,Gelabale,2005,3
Courtney,Alexander,2000,3
Tommy,Green,0,1
Sam,Jacobson,1998,3
Sidney,Wicks,0,10
Kyle,Anderson,2014,5
Doug,Kistler,0,1
Dairis,Bertans,2011,1
Dudley,Bradley,0,9
Tito,Horford,0,3
Litterial,Green,1992,5
Kyle,Kuzma,2017,3
Don,Grate,0,1
Chris,Robinson,1996,2
Casper,Ware Jr.,2012,1
Sean,Green,0,3
David,Noel,2006,1
Michael,Smith,0,3
Kevinn,Pinkney,2005,1
Jake,Tsakalidis,2000,7
Kevin,Williams,0,5
Vernon,Macklin,2011,1
Joe,Alexander,2008,2
William,Cunningham,0,2
Albert,King,0,9
Craig,Spitzer,0,1
Bill,Davis,0,1
Dennis,Scott,1990,10
Randolph,Keys,1988,5
John,Williams,0,8
Joe,McNamee,0,2
Rajon,Rondo,2006,13
Ron,Livingstone,0,2
Marc,Iavaroni,0,7
Rick,Roberson,0,7
Steffond,Johnson,0,1
Charlie,Davis,0,3
Samaki,Walker,1996,10
Roger,Jorgensen,0,1
George,Nostrand,0,4
Jabari,Smith,2000,4
Double D,Davis,0,5
Mark,Davis,1995,5
Cliff,Anderson,0,3
Samuel,Williams,0,4
Malcolm,Mackey,1993,1
Julius,Hodge,2005,2
Pat,Burke,0,3
Charles,Vaughn,0,5
Derrick,Gervin,0,2
Mouhamed,Sene,2006,3
Toney,Douglas,2009,7
Bob,Hubbard,0,2
Nemanja,Bjelica,2010,4
James,Bailey,0,9
Mark,Bryant,1988,15
Oliver,Miller,1992,9
Dennis,Horner,2010,1
Mike,McCarron,0,2
Gerard,King,0,3
Jim,McElroy,0,7
Bob,Burrow,0,2
Isaiah,Taylor,2016,2
Allonzo,Trier,2018,2
Ronnie,Lester,0,6
Dontonio,Wingfield,1994,4
Monte,Towe,0,1
George,Johnson,0,8
Bill,Bolger,0,1
Tyson,Wheeler,1998,0
Cliff,Levingston,0,11
Mark,Pope,1996,6
Price,Brookfield,0,2
Ray,Radziszewski,0,1
Paul,McPherson,0,1
Dean,Meminger,0,6
Justin,James,2019,1
Clarence,Hermsen,0,6
Oshae,Brissett,2019,1
Jerian,Grant,2015,3
Jawann,Oldham,0,10
Bob,Lochmueller,0,1
Mike,Bratz,0,9
Diamond,Stone,2016,1
Joe,Smith,1995,16
Mark,Baker,0,0
Jalen,McDaniels,2019,1
Tobias,Harris,2011,8
Jerry,Lucas,0,11
Eric,Leckner,1988,8
Chucky,Brown,1989,13
Al,Thornton,2007,4
Troy,Hudson,0,11
Tom,Piotrowski,0,1
Lafayette,Lever,0,11
Howard,Tidrick,0,1
David,Robinson,1987,14
Isaiah,Rider,1993,9
Enes,Kanter,2011,8
Justin,Williams,2006,2
Frankie,Sanders,0,2
Tyrone,Nesby,0,4
Vic,Law,2019,1
Jay,Vincent,0,9
Eddie,Gill,0,7
Terrence,Rencher,1995,0
Monty,Williams,1994,9
Cliff,Alexander,2015,0
Darnell,Hillman,0,4
Cedric,Jackson,2009,1
Quincy,Pondexter,2010,7
Luka,Samanic,2019,1
Mitchell,Creek,2014,1
Nemanja,Nedovic,2013,1
Zan,Tabak,1991,6
Torrey,Craig,2014,3
Sarunas,Jasikevicius,1998,2
Romeo,Langford,2019,1
Dion,Waiters,2012,7
Damian,Lillard,2012,7
Larry,Mikan,0,1
Julius,Nwosu,0,1
Smush,Parker,2002,5
Trent,Tucker,0,11
Reggie,Jackson,2011,8
Sidney,Moncrief,0,11
Bob,Brannum,0,5
Michael,Stewart,0,8
Greg,Stokes,0,2
Malcolm,Delaney,2011,2
Jacob,Evans,2018,2
Derek,Strong,1990,10
Corey,Crowder,0,2
Jim,Spanarkel,0,5
Joel,Przybilla,2000,13
Herm,Schaefer,0,2
Steve,Bracey,0,3
Paul,Seymour,0,12
Andrew,DeClercq,1995,10
Ralph,Lewis,0,3
Lou,Amundson,2006,9
Jerrelle,Benimon,2014,1
John,Havlicek,0,16
Jarred,Vanderbilt,2018,2
Norm,Van Lier,0,10
Calvin,Natt,0,11
Bob,Kinney,0,2
Matt,Othick,0,1
Mike,Lynn,0,2
James,Southerland,2013,1
Joe,Young,2015,2
Alvin,Robertson,1984,10
Gary,Bradds,0,2
Jerome,Whitehead,0,11
Sindarius,Thornwell,2017,2
Nate,Driggers,0,1
Gary,Brokaw,0,4
Tacko,Fall,2019,1
David,Benoit,0,7
Otto,Moore,0,9
Dirk,Nowitzki,1998,20
Sharone,Wright,1994,4
Jack,Molinas,0,1
Daniel,Ewing,2005,2
Log,Vander Velden,0,1
Lee,Johnson,0,1
Derek,Fisher,1996,18
Ruben,Garces,0,0
Devin,Booker,2015,4
Richie,Guerin,0,13
George,Kaftan,0,5
Barry,Nelson,0,1
Justin,Jackson,2017,3
Manu,Ginobili,1999,15
Andy,Kostecka,0,1
Derrick,Favors,2010,9
Fred,Sheffield,0,1
Scot,Pollard,1997,11
Jaylen,Adams,2018,1
Rolando,Ferreira,0,1
Freddie,Scolari,0,9
Brad,Miller,1998,14
Nick,Johnson,2014,1
Darrick,Martin,0,13
Othella,Harrington,1996,12
Fred,Brown,0,13
Jonas,Valanciunas,2011,7
Ky,Bowman,2019,1
Thon,Maker,2016,4
Larry,Robinson,0,7
Jackie,Moore,0,3
Jim,Barnett,0,11
Eddie,Owens,0,1
Milo,Komenich,0,1
Glen,Rice,1989,15
Cameron,Payne,2015,3
Richie,Frahm,2000,4
Jim,Price,0,7
Tim,Kempton,1986,8
Reggie,King,0,6
Kenny,Higgs,0,3
Don,Adams,0,7
Hank,Rosenstein,0,1
Dexter,Boney,0,0
Anthony,Roberts,0,5
Ty,Lawson,2009,7
Terrel,Harris,2009,2
Hassan,Whiteside,2010,7
Jayson,Tatum,2017,3
Adolph,Hoefer,0,2
Byron,Beck,0,1
Garfield,Heard,0,11
Russ,Smith,2014,1
Predrag,Drobnjak,1997,4
Yuta,Tabuse,2002,1
Carlos,Boozer,2002,13
Bob,Naber,0,1
David,Vanterpool,0,1
Buck,Williams,1981,17
Hamady,Ndiaye,2010,3
Byron,Houston,1992,4
Tom,Black,0,1
Stan,Love,0,4
Al,Horford,2007,12
Mike,Brown,1985,11
Michael,Sweetney,2003,4
Henry,Dickerson,0,2
Aaron,Holiday,2018,2
Kevin,Knox II,2018,2
George,Hill,2008,11
Bill,Ligon,0,1
Raymond,Felton,2005,13
Robert,Traylor,1998,7
Ramon,Rivas,0,1
Richard,Manning,1993,2
Scott,Hastings,0,11
Ralph,Hamilton,0,1
John,Mandic,0,2
Les,Jepsen,0,2
Lloyd,Daniels,0,5
Gene,Ollrich,0,1
George,Johnson,0,13
Jeff,Foote,2010,1
Ron,Lee,0,6
Jabari,Parker,2014,5
David,Burns,0,1
Walker,Russell,2006,1
Bernie,Fryer,0,2
Mehmet,Okur,2001,10
Mike,Bytzura,0,1
Martin,Lewis,1995,2
Predrag,Savovic,0,1
Pape,Sy,2010,1
Herm,Gilliam,0,8
Bill,Smith,0,2
Ben,Handlogten,0,2
Jud,Buechler,1990,12
Buddy,Hield,2016,4
Harry,Gallatin,0,10
Greg,Oden,2007,3
Clyde,Lee,0,10
Don,Smith,0,1
Rodney,McCray,1983,10
Larry,Cannon,0,1
Brandan,Wright,2007,9
Theo,Pinson,2018,2
Tony,Massenburg,1990,13
John,Janisch,0,2
Corey,Williams,0,2
Nene,Hilario,2002,16
Tyler,Herro,2019,1
Purvis,Short,0,12
Arnie,Ferrin,0,3
Harvey,Catchings,0,11
Dale,Hamilton,0,1
Garret,Siler,2009,1
Brandin,Knight,2003,0
Charles,Shackleford,1988,6
Scott,Padgett,1999,8
Ray,Wertis,0,2
Richard,Dumas,1991,3
Stephen,Thompson,0,1
Harold,Kottman,0,1
Maurice,Ndour,2015,1
Tim,Duncan,1997,18
Kenny,Smith,1987,10
Marcus,Camby,1996,17
Samuel,Dalembert,2001,13
Vern,Hatton,0,4
Jodie,Meeks,2009,9
Maurice,Ager,2006,4
Jaylen,Hoard,2019,1
Demetrius,Jackson,2016,3
Derrick,Phelps,0,1
Desmond,Penigar,2003,0
Gene,Short,0,1
Gene,Guarilia,0,4
Donatas,Motiejunas,2011,5
Joe,Dolhon,0,2
Lars,Hansen,0,1
Scott,Haffner,0,2
Anthony,Taylor,0,1
Al,Harrington,1998,16
Don,Savage,0,2
Mark,Olberding,0,11
Richaun,Holmes,2015,4
Shane,Heal,0,2
Sergei,Bazarevich,0,1
Casey,Shaw,1998,1
Jiri,Welsch,2002,4
Hot Rod,Williams,1985,13
Jerry,Rullo,0,4
Craig,Brackins,2010,2
Tod,Murphy,0,5
Norman,Powell,2015,4
T.J.,Warren,2014,5
Peja,Stojakovic,1996,13
Walter,Jordan,0,1
Mickey,Johnson,0,12
Keith,McCord,0,1
Allonzo,Trier,2018,2
Cazzie,Russell,0,12
Kendall,Gill,1990,15
Terrence,Jones,2012,5
Victor,Oladipo,2013,6
Steve,Harris,0,5
Daniel,Ochefu,2016,1
Dick,Miller,0,1
Kyle,Collinsworth,2016,1
Dick,Schulz,0,4
Sam,Williams,0,2
Nat,Clifton,0,8
Magic,Johnson,0,13
Nikola,Jokic,2014,4
Joey,Hassett,0,6
Roy,Tarpley,0,6
Eric,White,0,2
Allie,McGuire,0,1
Roland,West,0,1
Jumaine,Jones,1999,8
Kemba,Walker,2011,8
Jalen,Rose,1994,13
Dave,Gunther,0,1
Isaac,Bonga,2018,2
Lonzo,Ball,2017,3
Stacey,Arceneaux,0,1
Tim,Breaux,0,3
Charlie,Black,0,3
Darius,Bazley,2019,1
Ed,Leede,0,2
Bob,Wilkerson,0,7
Jeff,Green,2007,11
Gene,Dyker,0,1
Nenad,Krstic,2002,7
Cody,Martin,2019,1
Tommy,Byrnes,0,5
Jordan,Crawford,2010,6
Joe,Kopicki,0,3
Marvin,Webster,0,9
Ashraf,Amaya,0,2
Mitchell,Robinson,2018,2
Malachi,Richardson,2016,3
Anzejs,Pasecniks,2017,1
Cleveland,Buckner,0,2
Dwayne,Schintzius,1990,8
Greg,Deane,0,1
Noble,Jorgensen,0,5
Ryan,Kelly,2013,3
Walt,Lemon Jr.,2014,2
Jordan,Hill,2009,7
John,Trapp,0,5
Tony,Farmer,0,2
Tom,Stith,0,1
Elmer,Behnke,0,1
Cedric,Hunter,0,1
Tom,Copa,0,1
Red,Holzman,0,6
Randolph,Morris,2005,4
Robert,Smith,0,7
De'Aaron,Fox,2017,3
Bob,Feerick,0,4
John,Mills,0,1
Earl,Monroe,1967,13
Danny,Ainge,0,14
Jimmy,Jones,0,3
Bernie,Williams,0,2
Nikola,Vucevic,2011,8
Keita,Bates-Diop,2018,2
Don,Buse,0,9
Craig,Dykema,0,1
Eddie,Miller,0,2
Mickael,Pietrus,2003,10
Walt,Davis,0,5
Wayne,Embry,0,11
Phil,Jackson,0,12
Orlando,Woolridge,0,13
Trevor,Wilson,1990,4
Sedale,Threatt,1983,14
Ron,Filipek,0,1
Khris,Middleton,2012,7
Cory,Alexander,1995,7
Otis,Smith,0,6
Georges,Niang,2016,4
Luke,Kennard,2017,3
Jarrod,Uthoff,2016,2
Jimmy,Darrow,0,1
Matt,Guokas,0,1
Reece,Gaines,2003,3
Eric,Bledsoe,2010,9
Scott,Lloyd,0,6
Reggie,Hearn,2013,1
Kyle,Macy,0,7
Bill,Russell,0,13
Kenny,Walker,0,7
Spencer,Dinwiddie,2014,5
Jeff,Turner,0,10
William,Averitt,0,2
Makhtar,NDiaye,0,0
Peter,Aluma,0,0
Jevon,Carter,2018,2
Eric,McWilliams,0,1
Tom,Garrick,0,4
Terry,Duerod,0,4
Viktor,Khryapa,2004,4
Andre,Turner,0,6
Ralph,Beard,0,2
Russell,Cross,0,1
Larry,Friend,0,1
Rodions,Kurucs,2018,2
Jason,Maxiell,2005,10
Darnell,Mee,1993,2
Bogdan,Bogdanovic,2014,3
Tony,Allen,2004,13
Norman,Richardson,0,1
Todd,Mitchell,0,1
Gerald,Wallace,2001,14
Corey,Maggette,1999,14
Mel,Counts,0,12
Bo,Kimble,0,3
Jaylen,Hoard,2019,1
Al,Eberhard,0,4
Jason,Smith,2007,10
Chuck,Noble,0,7
Erick,Dampier,1996,16
Mike,Dunleavy,2002,14
Joao,Vianna,0,1
Grant,Long,1988,15
Pat,Riley,0,9
Ronald,Dupree,2003,6
Kevin,Hervey,2018,1
Mirsad,Turkcan,1998,1
Joe Barry,Carroll,0,10
Melvin,Frazier Jr.,2018,2
Don,MacLean,1992,9
Jim,Spruill,0,1
Davon,Reed,2017,2
John,Pinone,0,1
Zach,Collins,2017,3
Kannard,Johnson,0,1
Don,Bielke,0,1
Collin,Sexton,2018,2
Jared,Jeffries,2002,11
Travis,Grant,0,2
Qyntel,Woods,2002,4
Ralph,Sampson,0,9
Ruben,Nembhard,0,0
Michael,Smith,1994,7
Phil,Zevenbergen,0,1
Marshall,Plumlee,2016,2
Joe,Bradley,0,1
Greg,Jackson,0,1
Derrick,Rose,2008,10
Wallace,Sydnor,0,1
Chuck,Lowery,0,1
Bob,McNeill,0,2
Clem,Haskins,0,9
Chris,Childs,0,9
Xavier,McDaniel,1985,12
Askia,Jones,0,1
James,Jones,2003,13
Royal,Ivey,2004,10
Doug,Overton,1991,11
Edmond,Sumner,2017,3
Brandon,Knight,2011,7
Kentavious,Caldwell-Pope,2013,6
Rodney,White,2001,4
Tahjere,McCall,2017,1
Josh,Harrellson,2011,3
Zach,Randolph,2001,16
Gary,Neal,2007,6
Antawn,Jamison,1998,16
Jerry,Nagel,0,1
Robert,Archibald,2002,2
Jeff,Slade,0,1
Don,Rehfeldt,0,2
Tom,Riker,0,3
Tom,Brennan,0,1
Rich,Laurel,0,1
Brandon,Jennings,2009,8
Don,Ohl,0,10
Terry,Dehere,1993,6
Don,Barksdale,0,4
Martell,Webster,2005,10
P.J.,Brown,1992,15
Frank,Oleynick,0,2
Chris,Duhon,2004,9
Darko,Milicic,2003,10
John,Hargis,0,2
Paul,Nolen,0,1
Max,Strus,2019,1
Jarrett,Allen,2017,3
Paul,Ruffner,0,3
William,Towery,0,2
George,Carter,0,1
DerMarr,Johnson,2000,7
Brian,Scalabrine,2001,11
Ron,Davis,0,3
Damien,Wilkins,2004,10
Garret,Siler,2009,1
Willie,Wise,0,2
Ernie,Barrett,0,2
Chuck,Aleksinas,0,1
Andre,McCarter,0,3
Steven,Smith,1991,14
Noah,Vonleh,2014,5
Si,Green,0,9
Earl,Boykins,1998,13
Joe,Hutton,0,2
Don,Eliason,0,1
Brandon,Goodwin,2018,2
Dennis,Stewart,0,1
Bryn,Forbes,2016,4
Omar,Cook,2001,2
Ira,Terrell,0,2
Jordan,McRae,2014,3
Bostjan,Nachbar,2002,6
Walt,Frazier,0,13
Rudy,White,0,5
Pops,Mensah-Bonsu,2006,4
Greg,Sutton,1991,3
Gary,Trent Jr.,2018,2
Xavier,Silas,2011,2
Jeff,Webb,0,2
Mike,James,2012,0
Kyle,Guy,2019,1
Harry,Donovan,0,1
Greg,Monroe,2010,8
Jonathan,Bender,1999,8
Shamorie,Ponds,2019,1
Lari,Ketner,1999,2
Mel,Bennett,0,4
Bill,Sharman,0,11
Pero,Antic,0,2
Kevin,Restani,0,8
Lindsay,Hairston,0,1
Keon,Clark,1998,6
Odis,Allison,0,1
Mike,Ratliff,0,2
Will,Frazier,0,1
Bill,Miller,0,1
Derek,Anderson,1997,11
Walt,Bellamy,0,14
Dewan,Hernandez,2019,1
Steve,Goodrich,0,2
Art,Collins,0,1
Ryan,Humphrey,2002,3
Manute,Bol,0,10
Greg,Griffin,0,1
Lennie,Rosenbluth,0,2
Bill,Closs,0,3
Jimmy,Oliver,1991,5
Dale,Davis,1991,16
Dillon,Brooks,2017,3
Howard,Wood,0,1
Gene,Englund,0,1
Ed,Rains,0,2
Lester,Conner,0,12
Ron,Watts,0,2
Freeman,Williams,0,6
Alex,Hannum,0,8
Jay,Miller,0,2
Francisco,Elson,1999,9
Mark,McNamara,0,8
Maurice,Harkless,2012,7
Lou,Dampier,0,3
Anthony,Roberson,2005,3
Jeff,Teague,2009,10
BJ,Johnson,2018,2
Randy,Smith,0,12
Joby,Wright,0,1
Hub,Reed,0,7
Paul,Gordon,0,1
Alec,Kessler,0,4
C.J.,Watson,2006,9
Devon,Hall,2018,1
Brian,Oliver,1990,4
Luther,Head,2005,6
Mark,Alarie,0,5
Josh,Jackson,2017,3
Gerard,Kelly,0,2
Jerry,Sichting,0,10
Jarrett,Culver,2019,1
Justin,Reed,2004,3
Tony,White,0,1
Nicolas,Claxton,2019,1
Greg,Lee,0,1
Dahntay,Jones,2003,12
Donnell,Harvey,2000,5
Timothe,Luwawu-Cabarrot,2016,4
Elgin,Baylor,0,14
Jackie,Robinson,0,3
Dick,Groat,0,1
Greg,Hyder,0,1
Jay,Murphy,0,4
Bob,Bigelow,0,4
Don,Sunderlage,0,2
Ed,Searcy,0,1
Luther,Wright,1993,1
Jarrett,Allen,2017,3
Travis,Williams,0,2
Mike,Wilson,0,3
Michael,Brooks,0,6
Paul,Pierce,1998,18
Jim,Riffey,0,1
Joe,Bryant,0,8
Jim,Cleamons,0,9
Johnny,Logan,0,5
Jemerrio,Jones,2018,1
Andrew,Harrison,2015,3
Aaron,Brooks,2007,9
Stu,Lantz,0,8
Chris,Whitney,1993,11
Oliver,Robinson,0,1
Matt,Carroll,2003,10
John,Cox,0,1
Slater,Martin,0,11
RJ,Barrett,2019,1
Ryan,Hollins,2006,9
Rudy,Fernandez,2007,4
Charlie,Sitton,0,1
Tony,Lavelli,0,2
Barry,Sumpter,0,1
Nick,Jones,0,3
Daniel,Ochefu,2016,1
Charles,Whitney,0,2
Armond,Hill,0,8
Sidney,Green,0,10
Donnie,Freeman,0,1
Patrick,O'Bryant,2006,4
Jeff,Hornacek,1986,14
Ignas,Brazdeikis,2019,1
Lawrence,Boston,0,1
Jeff,Trepagnier,2001,3
Anthony,Brown,2015,2
Al,Miksis,0,1
Caron,Butler,2002,13
Wendell,Carter Jr.,2018,2
Charles,Brown Jr.,2019,1
Malik,Rose,1996,13
Jim,Grandholm,0,1
Bill,Thieben,0,2
Jackie,Butler,2004,3
Howie,Schultz,0,3
Deng,Gai,2005,0
Mitchell,Butler,0,8
Wes,Matthews,0,9
Chris,Kaman,2003,12
Trey,Johnson,2007,3
Jamel,Thomas,0,2
Michael,Carter-Williams,2013,6
Terance,Mann,2019,1
Frank,Gates,0,1
Jeff,Adrien,2009,5
John,Trapp,0,5
Travis,Mays,0,3
Stromile,Swift,2000,9
Curtis,Kitchen,0,1
Emanuel,Leaks,0,2
Elie,Okobo,2018,2
Jonah,Bolden,2017,2
Johnny,Jorgensen,0,2
Kevin,Brooks,0,3
Jared,Cunningham,2012,3
Marreese,Speights,2008,9
Joffrey,Lauvergne,2013,3
Zhaire,Smith,2018,2
Bo,Erias,0,1
Ron,Brewer,0,8
Hasheem,Thabeet,2009,5
Mfiondu,Kabengele,2019,1
James,Hardy,0,4
A.C.,Green,1985,16
Brian,Bowen II,2019,1
Ben,Warley,0,5
Lucious,Jackson,0,8
Johnny,Cox,0,1
George,Senesky,0,8
Emanual,Davis,0,6
Harry,Miller,0,1
Semaj,Christon,2014,1
Larry,Wright,0,6
Damien,Inglis,2014,0
Amir,Johnson,2005,13
DaJuan,Summers,2009,4
Gary,Freeman,0,1
Naz,Reid,2019,1
Tony,Bradley,2017,3
Wali,Jones,0,10
Josh,Childress,0,0
Jeff,Lamp,0,6
Mike,Novak,0,3
Lorenzen,Wright,1996,13
Tony,Smith,1990,9
Mike,Price,0,3
Ray,Ramsey,0,1
Don,Hanrahan,0,1
George,McLeod,0,1
Jahidi,White,1998,7
Shaquille,Harrison,2016,3
Marko,Todorovich,0,2
Steve,Mix,0,13
John,Johnson,0,12
Paul,Mokeski,0,12
Larry,Stewart,0,5
B.J.,Tyler,1994,1
Ricky,Pierce,1982,16
Ed,Burton,0,2
Joe,Harris,2014,5
David,Thompson,0,8
Tony,Windis,0,1
Nate,Hawthorne,0,3
Shelton,Jones,1988,1
Bob,Dandridge,0,13
Kristen,Rasmussen,0,0
Brook,Steppe,0,5
Dean,Garrett,1988,6
Talen,Horton-Tucker,2019,1
Norm,Stewart,0,1
Henry,Darcey,0,1
John,Salmons,2002,13
Paul,Westphal,0,12
Paul,Arizin,0,10
Tommy,Kearns,0,1
Haywood,Highsmith,2018,1
Chimezie,Metu,2018,2
Frank,Mangiapane,0,1
Kim,Anderson,0,1
Caris,LeVert,2016,4
Mike,Bibby,1998,14
Kevin,Garnett,1995,20
Nate,Huffman,0,1
Bobby,Hurley,1993,5
Randy,Woods,1992,4
T.J.,McConnell,2015,4
Tom,Boswell,0,6
Wade,Baldwin IV,2016,3
Whitey,Von Nieda,0,1
Lloyd,Neal,0,7
Eric,Gordon,2008,11
Anthony,Davis,2012,7
Jose,Ortiz,0,2
Bob,Priddy,0,1
Marty,Conlon,0,9
York,Larese,0,1
Anthony,Peeler,1992,13
Don,Boven,0,3
Jalen,Lecque,2019,1
Andy,Toolson,0,2
Bobby,Jones,2006,2
Greg,Anderson,1987,10
Lewis,Lloyd,0,7
Fred,Saunders,0,4
Steve,Johnson,0,10
John,Rudd,0,1
Francis,O'Grady,0,3
Gordon,Hayward,2010,9
Kevin,Stacom,0,6
Martin,Muursepp,1996,2
Brevin,Knight,1997,12
John,Garris,0,1
Gorham,Getchell,0,1
Yuta,Watanabe,2018,2
Gene,Berce,0,1
Martynas,Andriuskevicius,2005,1
Tremont,Waters,2019,1
Bill,Mlkvy,0,1
Jordan,Sibert,2015,1
Miye,Oni,2019,1
Derrick,White,2017,3
Moochie,Norris,1996,9
Josh,Okogie,2018,2
Tom,Sewell,0,1
Stewart,Granger,0,3
Danny,Ferry,1989,13
Ralph,Drollinger,0,1
Charles,Bradley,0,3
Wallace,Bryant,0,3
Shake,Milton,2018,2
Paul,Thompson,0,3
Pat,Frink,0,1
Esteban,Batista,0,2
Tom,Kelly,0,1
E'Twaun,Moore,2011,8
Jay,Edwards,0,1
Pablo,Prigioni,1999,3
Joe,Caldwell,0,6
Zeljko,Rebraca,1994,5
Toby,Bailey,1998,2
Eddie,Hughes,0,3
Ariel,Maughan,0,5
John,Holland,2011,2
Kevin,Grevey,0,10
Bobby,Jones,0,10
Kyrylo,Fesenko,2007,5
Al,Roges,0,2
Tim,James,1999,3
Brian,Cardinal,2000,12
Richard,Washington,0,6
Steve,Kerr,1988,15
Arnie,Johnson,0,5
Miye,Oni,2019,1
Rex,Chapman,1988,12
Joe,Harris,2014,5
Larry,Hennessy,0,1
Flynn,Robinson,0,7
Michael,Finley,1995,15
Nick,Vanos,0,2
Chris,Wright,2011,2
Garrison,Mathews,2019,1
Marcelo,Huertas,2005,1
Kosta,Perovic,2006,1
John,Roche,0,4
Yinka,Dare,1994,4
Al,Lujack,0,1
Jeff,Mullins,0,12
PJ,Dozier,2017,3
Cal,Ramsey,0,2
Pervis,Ellison,1989,11
Brad,Wanamaker,2011,2
Naz,Reid,2019,1
Harry,Giles III,2017,2
James,Johnson,2009,10
Brian,Taylor,0,6
Kevin,Porter Jr.,2019,1
Luther,Burden,0,2
Johnny,Jones,0,1
Darren,Morningstar,0,1
Vic,Bartolome,0,1
Joe,Crispin,0,1
Roger,Mason Jr.,2002,10
DeMar,DeRozan,2009,10
Andrew,Bogut,2005,13
Jim,Ware,0,2
Brian,Heaney,0,1
Connie,Rea,0,1
Jahlil,Okafor,2015,4
Ralph,Simpson,0,4
Kornel,David,0,3
Willie,Smith,0,4
Cleanthony,Early,2014,1
Juancho,Hernangomez,2016,4
Andrew,Wiggins,2014,5
Jordan,McLaughlin,2018,1
Robert,Parish,1976,21
Kendrick,Nunn,2018,1
A.J.,Guyton,2000,3
Josh,Gray,2016,2
Moritz,Wagner,2018,2
Antonio,Anderson,2009,1
CJ,Miles,2005,14
Cliff,Barker,0,3
Bill,Jones,0,1
Dave,DeBusschere,0,12
Tang,Hamilton,0,1
Kurt,Nimphius,0,8
Andrew,Bynum,2005,8
Eddie,Johnson,1981,17
Allan,Houston,1993,12
Moses,Brown,2019,1
Alex,Caruso,2016,3
Svi,Mykhailiuk,2018,2
Sam,Perkins,1984,17
Joe,Kennedy,0,2
Marty,Passaglia,0,2
Chris,Webber,1993,15
Jim,Owens,0,2
Lindsey,Hunter,1993,17
D.J.,Augustin,2008,11
Brian,Roberts,2008,4
Kendrick,Nunn,2018,1
Darius,Morris,2011,4
Ken,Boyd,0,1
Shaun,Livingston,2004,13
Clarence,Kea,0,2
Chris,Munk,0,1
Armen,Gilliam,1987,13
Micheal,Williams,1988,10
Johan,Petro,2005,8
Mario,Bennett,1995,4
Willie,Burton,1990,8
Darius,Bazley,2019,1
Jamel,Artis,2017,1
Steve,Lingenfelter,0,2
Scott,Brooks,0,10
Courtney,Fortson,2010,1
Gary,Hill,0,2
Mike,Macaluso,0,1
Kelvin,Cato,1997,10
Wesley,Person,1994,11
Chris,Wright,2011,1
Dexter,Cambridge,0,1
Loy,Petersen,0,2
Troy,Williams,2016,3
Bob,Carney,0,1
Larry,Johnson,0,1
Ron,Mercer,1997,8
Ruben,Boumtje-Boumtje,2001,3
Ted,Luckenbill,0,2
Ray,McCallum,2013,2
Ray,Blume,0,1
Barry,Stevens,0,1
Randy,Allen,0,2
Jon,McGlocklin,0,11
Bill,Stricker,0,1
Charles,Dudley,0,6
Tony,Parker,2001,17
Gerald,Brown,0,1
Jamaal,Wilkes,0,12
Dexter,Shouse,0,1
Sundiata,Gaines,2008,3
Frank,Jackson,2017,2
Vincenzo,Esposito,0,1
Geoff,Huston,0,8
Dan,Kraus,0,1
Chandler,Hutchison,2018,2
Jamie,Waller,0,1
Mike,Hall,2006,1
Tony,Delk,1996,10
Nat,Frankel,0,1
Terence,Morris,2001,3
Bruno,Sundov,1998,7
Marcus,Paige,2016,1
Marcus,Paige,2016,1
Charles,Kupec,0,3
Jim,Garvin,0,1
Estes,Parham,0,3
Michael,Ruffin,1999,9
Ja,Morant,2019,1
Gary,Leonard,0,3
Fred,Lewis,0,2
Dzanan,Musa,2018,2
Richard,Rellford,0,1
DJ,White,2008,6
Tom,LaGarde,0,6
Jerry,Greenspan,0,2
Walter,Herrmann,0,3
"Ted, Hound Dog",McClain,0,3
Kevin,McHale,1980,13
Herb,White,0,1
Jarell,Eddie,2014,2
Sherman,Douglas,1989,12
Chris,Silva,2019,1
Lauri,Markkanen,2017,3
Stephon,Marbury,1996,13
Shannon,Brown,2006,9
Ron,Riley,0,4
Lucious,Harris,1993,12
George,Grimshaw,0,1
Ralph,Ogden,0,1
Larry,Nance Jr.,2015,4
Hamidou,Diallo,2018,2
Cedric,Simmons,2006,3
Dave,Magley,0,1
Axel,Toupane,2014,1
Kirk,Haston,2001,2
Mark,Sibley,0,1
Jack,Smiley,0,2
Joe,Courtney,0,4
Nick,Fazekas,2007,1
Jeff,Lebo,0,1
Max,Strus,2019,1
Alando,Tucker,2007,3
Kenneth,Faried,2011,7
Marv,Winkler,0,1
Jakob,Poeltl,2016,4
Rick,Fox,1991,13
Clyde,Mayes,0,2
Peter,Thibeaux,0,2
Erick,Green,2013,1
Tony,Jaros,0,4
John,Jenkins,2012,5
Daniel,Santiago,0,4
Tommy,Patterson,0,2
Damon,Jones,0,11
Gary,Alexander,0,1
Rod,Thorn,0,8
Richard,Coffey,0,1
Tommy,O'Keefe,0,1
Joey,Dorsey,2008,4
Stan,Pietkiewicz,0,3
Jaylen,Nowell,2019,1
Petur,Gudmundsson,0,4
George,King,0,6
Kevin,Porter Jr.,2019,1
Antonius,Cleveland,2017,2
Andrew,Nicholson,2012,4
Terry,Dischinger,0,9
Wardell,Jackson,0,1
Trevor,Booker,2010,7
Johnny,Orr,0,1
Amile,Jefferson,2017,2
Rudy,LaRusso,0,10
Jackson,Vroman,2004,2
Earl,Dodd,0,1
Chasson,Randle,2015,3
Paul,Cloyd,0,1
Matt,Costello,2016,1
Greg,Foster,1990,13
Tom,Chambers,1981,16
Alexis,Ajinca,2008,6
Luka,Samanic,2019,1
Dwayne,Jones,2005,5
Landry,Shamet,2018,2
Butch,Feher,0,1
Horacio,Llamas,0,2
Emanuel,Terry,2018,1
Bo,Outlaw,0,15
Robert,Hite,2006,1
Tyler,Johnson,2014,5
Larry,Fogle,0,1
Ben,McLemore,2013,6
Sam,Mitchell,1985,13
Eddie,House,2000,11
Naz,Mitrou-Long,2017,3
Keldon,Johnson,2019,1
Monti,Davis,0,1
Jacque,Vaughn,1997,12
Oscar,Torres,0,2
Phil,Ford,0,7
Jaxson,Hayes,2019,1
John,Morton,1989,3
Bill,Kenville,0,6
Jared,Harper,2019,1
Eddie,Ehlers,0,2
Quinn,Buckner,0,10
World,Free,0,13
Quinndary,Weatherspoon,2019,1
Dick,Eichhorst,0,1
Mike,Harper,0,2
Kyle,Wiltjer,2016,1
Bill,McGill,0,3
Jaylen,Nowell,2019,1
James,Augustine,2006,2
Pierre,Jackson,2013,1
Sean,Williams,2007,4
Quincy,Acy,2012,6
Sylvester,Gray,0,1
DJ,Stephens,2013,2
Gary,Plummer,0,2
Eddie,Jordan,0,7
Sasha,Kaun,2008,0
Randy,White,1989,5
Abdel,Nader,2016,3
Jack,Marin,0,11
Robert,Pack,0,13
Bruce,Bowen,0,13
Zion,Williamson,2019,1
Alvan,Adams,0,13
John,Olive,0,2
Dzanan,Musa,2018,2
Gary,Zeller,0,2
Paul,Zipser,2016,2
Rick,Robey,0,8
Shelden,Williams,2006,6
Glenn,Hagan,0,1
Aaron,Williams,0,14
Joey,Graham,2005,6
Justus,Thigpen,0,2
Leroy,Combs,0,1
Ken,Menke,0,1
Ante,Zizic,2016,3
Robert,Sacre,2012,3
Tomas,Satoransky,2012,4
Kevin,Hervey,2018,1
Carldell,Johnson,2006,1
Garfield,Smith,0,2
Wayman,Tisdale,1985,12
Wilson,Chandler,2007,12
Pat,Cummings,0,12
Duane,Washington,0,2
Jordan,Adams,2014,1
Andy,Duncan,0,3
Jusuf,Nurkic,2014,4
Jarnell,Stokes,2014,2
Michael,Bradley,2001,5
Alphonso,Ford,0,2
Daniel,Orton,2010,3
Aaron,Swinson,0,1
Rick,Barry,1965,10
Christian,Wood,2015,3
Jared,Sullinger,2012,4
Jim,Washington,0,11
Al,Guokas,0,1
Dikembe,Mutombo,1991,18
Gerald,Fitch,2004,0
Sasha,Danilovic,1992,2
Jannero,Pargo,2002,11
Skeeter,Henry,0,1
Jim,Farmer,0,5
George,Blaney,0,1
DaQuan,Jeffries,2019,1
Peter,Verhoeven,0,6
Calvin,Garrett,0,4
Eric,Williams,1995,12
Josh,Grant,0,1
Charles,Nash,0,1
John,Stroud,0,1
Louis,King,2019,1
Lonnie,Eggleston,0,1
Tremaine,Fowlkes,1998,4
Marquese,Chriss,2016,4
Chris,Johnson,2009,3
Marty,Byrnes,0,4
Rory,Sparrow,1980,12
Luke,Harangody,2010,2
Myles,Turner,2015,4
Ed,Stokes,1993,0
Dale,Schlueter,0,10
Dragan,Tarlac,1995,1
Kiwane,Garris,0,2
Tom,McMillen,0,11
Willie,White,0,2
Ken,Keller,0,1
Frank,Kudelka,0,4
Dan,McClintock,2000,1
Miles,Simon,1998,1
Sekou,Doumbouya,2019,1
Stanton,Kidd,2015,0
Lance,Thomas,2010,7
Dick,O'Keefe,0,4
Grant,Williams,2019,1
Stefano,Rusconi,1990,1
Loy,Vaught,1990,11
Kurt,Thomas,1995,18
Bill,Calhoun,0,7
Charlie,Paulk,0,3
Mason,Plumlee,2013,6
Peter John,Ramos,2004,0
Andre,Owens,2005,2
Johnny,Horan,0,1
Jimmy,Butler,2011,8
Quincy,Miller,2012,3
Dickey,Simpkins,1994,7
Edward,Davis,0,5
Bob,Doll,0,4
Franklin,Edwards,0,7
Arinze,Onuaku,2010,3
Wayne,Radford,0,1
John,Block,0,10
Ken,Johnson,2001,1
Donny,Marshall,1995,5
Dave,Fedor,0,1
Anthony,Bennett,2013,3
Art,Spoelstra,0,4
Thomas,Sanders,0,13
Jan,Van Breda Kolff,0,7
Chuck,Osborne,0,1
Wayman,Britt,0,1
Torrey,Craig,2014,3
Cameron,Bairstow,2014,1
Kevon,Looney,2015,4
Jerry,Harkness,0,1
Spud,Webb,1985,12
Jim,Petersen,0,8
Marvin,Bagley III,2018,2
Rudy,Gay,2006,13
Blair,Rasmussen,0,8
Luka,Doncic,2018,2
Reggie,Williams,1987,10
Nate,Williams,0,8
Steve,Henson,1990,7
Andy,Walker,0,1
Dave,Gambee,0,12
Ognjen,Kuzmic,2012,2
Festus,Ezeli,2012,2
Jon,Barry,1992,14
Matthew,Dellavedova,2013,6
Jordan,Poole,2019,1
Bob,Houbregs,0,5
Charlie,Shipp,0,1
Bob,Gantt,0,1
Billy,Hassett,0,2
Irv,Kiffin,0,1
Joe,Chealey,2018,2
Cozell,McQueen,0,1
Tyler,Davis,2018,1
Ward,Williams,0,1
Kelly,Oubre Jr.,2015,4
Cedric,Bozeman,2006,1
Geert,Hammink,1993,3
Milt,Wagner,0,2
Carl,Henry,0,1
Primoz,Brezec,2000,8
Ed,Mikan,0,6
Josh,Richardson,2015,4
Dwight,Jones,0,10
Cliff,Williams,0,1
Marcus,Smart,2014,5
Ken,Corley,0,1
Harry,Boykoff,0,2
Clemon,Johnson,0,10
PJ,Dozier,2017,3
Serge,Ibaka,2008,10
Earl,Clark,2009,6
Peyton,Siva,2013,1
Jamal,Mashburn,1993,11
Bob,Wiesenhahn,0,1
Terry,Teagle,0,11
Julyan,Stone,2011,4
Darrell,Lockhart,0,1
Jim,Bostic,0,1
Austin,Carr,0,10
Cody,Zeller,2013,6
Jon,Leuer,2011,7
Paul,Noel,0,5
Lamar,Green,0,6
Luke,Babbitt,2010,7
Tacko,Fall,2019,1
Joe,Stephens,0,0
Daniel,Anderson,0,2
William,Bell,0,2
Bert,Cook,0,1
Tony,Fuller,0,1
Hank,Zeller,0,1
Michael,Beasley,2008,10
Roy,Hibbert,2008,8
Chuck,Person,1986,13
Jim,King,0,10
Anthony,Mason,1988,13
Damyean,Dotson,2017,3
Rod,Knowles,0,1
Malcolm,Miller,2015,3
Eddielee,Wilkins,0,6
John,Barber,0,1
Pat,Connaughton,2015,4
Edy,Tavares,2014,1
Talvin,Skinner,0,2
Wayne,Hightower,0,5
David,Wood,0,7
Kenrich,Williams,2018,2
Sonny,Weems,2008,3
Cornelius,Cash,0,1
Salim,Stoudamire,2005,3
Bryce,Cotton,2014,1
Jalen,Lecque,2019,1
Craig,Ehlo,1983,14
Jason,Lawson,1997,1
Randy,Wittman,1983,9
Tariq,Owens,2019,1
Keith,Smart,0,1
Tyronn,Lue,1998,11
Dee,Gibson,0,1
Rony,Seikaly,1988,11
Luguentz,Dort,2019,1
Jack,McCloskey,0,1
Art,Hillhouse,0,2
George,Munroe,0,2
Delon,Wright,2015,4
Angel,Delgado,2018,1
Dwyane,Wade,2003,15
Jonny,Flynn,2009,3
Arvydas,Macijauskas,0,1
Winston,Crite,0,2
Moses,Brown,2019,1
Nassir,Little,2019,1
Brian,Cook,2003,9
Jake,Ford,0,2
Mel,Hutchins,0,7
James,Silas,0,6
Jordan,Mickey,2015,2
Larry,Sykes,0,1
Dario,Saric,2014,4
Troy,Brown Jr.,2018,2
John,Coughran,0,1
Mo,Martin,0,2
Rodney,Stuckey,2007,9
Trey,Thompkins,2011,1
Tibor,Pleiss,2010,0
Lynn,Greer,2002,1
Lanard,Copeland,0,2
Eldo,Garrett,0,5
Don,Ray,0,1
Elmer R.,Gainer,0,2
Rodney,Purvis,2017,1
Brant,Weidner,0,1
Tornike,Shengelia,2012,2
Harold,Jamison,0,2
Brandon,Hunter,2003,2
Sterling,Brown,2017,3
Dick,Knostman,0,1
Johnny,Macknowski,0,2
Jonathan,Kerner,0,1
Kevin,Porter,0,10
Patrick,Ewing,1985,17
Oshae,Brissett,2019,1
Cuonzo,Martin,1995,2
Etan,Thomas,2000,9
Cartier,Martin,2007,7
Jordan,Bone,2019,1
John,Duren,0,3
Howie,Shannon,0,2
Clinton,Wheeler,0,2
Charlie,Yelverton,0,1
Rafael,Addison,1986,6
Rumeal,Robinson,1990,6
Duncan,Robinson,2018,2
Lawrence,Moten,1995,3
Dwayne,McClain,0,1
Henry,Akin,0,2
Forrest,McKenzie,0,1
Mateen,Cleaves,2000,6
Stephen,Graham,2005,6
Tom,Workman,0,3
Ricky,Wilson,0,1
Brandon,Armstrong,2001,3
Steven,Smith,0,0
Mike,O'Neill,0,1
Sean,Elliott,1989,12
Devin,Brown,2002,8
Jeffery,Taylor,2012,3
Andre,Emmett,2004,2
Adonis,Thomas,2013,1
Horace,Walker,0,1
Cal,Christensen,0,5
Ansu,Sesay,1998,4
Lamar,Patterson,2014,1
Troy,Bell,2003,1
Fred,Jones,2002,7
Claude,Terry,0,2
Dick,Ricketts,0,3
George,King,2018,1
Tom,Hawkins,0,10
Ed,Biedenbach,0,1
Francis,Crossin,0,3
Mahmoud,Abdul-Rauf,1990,9
Tom,Scheffler,0,1
Shamorie,Ponds,2019,1
Nate,Wolters,2013,3
Kyle,Lowry,2006,13
Christian,Laettner,1992,13
Steve,Kuberski,0,9
Awvee,Storey,2002,3
Malcolm,Lee,2011,3
Slick,Watts,0,6
Josh,Okogie,2018,2
George,Brown,0,1
Tyler,Lydon,2017,2
Kent,Edelin,0,1
Cameron,Payne,2015,3
Robert,Nordmann,0,4
Leroy,Chollet,0,2
Jerrod,Mustaf,1990,4
Larry,Nance,0,13
Archie,Clark,0,10
Worthy,Patterson,0,1
Jack,Dwan,0,1
Carl,Kilpatrick,0,1
Jim,McMillian,0,9
Herm,Hedderick,0,1
Fred,Boyd,0,6
Craig,Neal,0,2
Norman,Glick,0,1
Josh,Boone,2006,4
Draymond,Green,2012,7
Milos,Babic,0,2
Jim,Luisi,0,1
Tremont,Waters,2019,1
Eric,Maynor,2009,5
Jason,Collins,2001,13
Anthony,Grundy,2005,1
Russell,Westbrook,2008,11
Keith,Bogans,2003,11
Tony,Snell,2013,6
Fred,Taylor,0,2
Reggie,Johnson,0,4
Jayson,Williams,1990,9
Dante,Cunningham,2009,9
Cedi,Osman,2015,3
Eric,Montross,1994,8
Alex,Acker,2005,2
Clifford,Lett,0,2
Derrek,Dickey,0,5
Charlie,Hardnett,0,3
De'Andre,Hunter,2019,1
Shayne,Whittington,2014,1
Chandler,Parsons,2011,8
Mal,Graham,0,2
Steve,Hawes,0,10
Ken,Durrett,0,4
Phil,Lumpkin,0,2
Jack,Stephens,0,1
Bob,Santini,0,1
Toby,Knight,0,4
Mike,D'Antoni,0,4
Dwight,Waller,0,1
Anthony,Randolph,2008,6
Art,Stolkey,0,1
Dell,Demps,0,3
Chris,Owens,2002,1
Shai,Gilgeous-Alexander,2018,2
Frank,Radovich,0,1
Robert,Swift,2004,4
Anderson,Varejao,2004,12
Scott,Burrell,1993,8
Gary,Payton,1990,17
Randy,Denton,0,1
Corey,Beck,0,3
Fred,Nagy,0,1
John,Rennicke,0,1
Marcus,Cousin,2009,1
Malik,Hairston,2008,2
Charles,Smith,1997,5
Rawle,Marshall,2005,2
Raef,LaFrentz,1998,10
Morris,Almond,2007,3
Adam,Harrington,2002,1
Andrae,Patterson,1998,2
Willie,Green,2003,12
Antonio,Blakeney,2017,2
Jake,Voskuhl,2000,9
Alfonzo,McKinnie,2015,3
Wally,Szczerbiak,1999,10
Jason,Richardson,2001,13
Nicolas,Batum,2008,11
Gail,Goodrich,0,14
Isaac,Stallworth,0,5
Terence,Davis,2019,1
Hollis,Thompson,2012,3
Bob,Duffy,0,3
Chucky,Atkins,0,11
Lew,Hitch,0,6
Glenn,Robinson III,2014,5
Skal,Labissiere,2016,4
Ed,Conlin,0,7
Ray,Ellefson,0,2
TJ,Leaf,2017,3
Bryce,Drew,1998,6
Elie,Okobo,2018,2
Zylan,Cheatham,2019,1
Dorian,Finney-Smith,2016,4
Dick,Gibbs,0,5
Troy,Brown Jr.,2018,2
Joe,Wolf,1987,11
Alvin,Holt,0,1
Don,Collins,0,6
Ed,Fleming,0,5
Isaiah,Canaan,2013,5
Charles,Jones,0,4
Vincent,Yarbrough,2002,1
Luke,Schenscher,2005,2
Ken,Rohloff,0,1
Reggie,Bullock,2013,6
Georgi,Glouchkov,0,1
Mike,Newlin,0,11
Raul,Neto,2013,4
Bernie,Harris,0,1
Darius,Miles,2000,7
Brendan,Haywood,2001,13
Jamie,Watson,1994,4
Willie,Reed,2011,2
Jeffrey,Crompton,0,5
Steve,Green,0,3
John,Palmer,0,3
Gustavo,Ayon,2007,3
Slava,Medvedenko,0,7
Bob,Hansen,0,9
James,Singleton,2003,5
Greg,Ballard,0,11
Harry,Davis,0,2
Sidney,Hertzberg,0,5
Josh,McRoberts,2007,10
Xavier,Munford,2014,1
Billy,Owens,1991,10
Norm,Nixon,0,10
Steve,Novak,2006,10
Matt,Steigenga,0,0
Jim,Paxson,0,11
Leon,Blevins,0,1
Leo,Klier,0,2
Tom,Abernethy,0,5
Joe,Arlauckas,0,1
Maurice,Baker,0,1
Johnny,Newman,1986,16
George,Johnson,0,3
Damjan,Rudez,2008,2
Kirk,Hinrich,2003,12
Enoch,Olsen,0,7
John,Abramovic,0,2
Buckshot,O'Brien,0,2
Lee,Nailon,1999,6
Cleo,Hill,0,1
DJ,Mbenga,0,7
Brett,Vroman,0,1
Ed,Nealy,0,10
Antonio,Burks,2004,2
Vester,Marshall,0,1
Eduardo,Najera,2000,12
Sergey,Karasev,2013,2
Kenny,Anderson,1991,14
Roger,Powell,2005,1
Eddie,Jones,1994,14
Tony,Bobbitt,2004,1
Al,Ferrari,0,6
Jim,McDaniels,0,5
Paul,Davis,2006,4
David,Britton,0,1
Nikoloz,Tskitishvili,2002,4
Kadeem,Allen,2017,3
Maurice,Lucas,0,12
T.J.,Ford,2003,8
Al,Cervi,0,4
Bill,Dinwiddie,0,4
Fran,Curran,0,2
Dorie,Murrey,0,6
Boniface,Ndong,1999,1
Eddie,Robinson,0,5
Jerome,Jordan,2010,2
Frank,Fucarino,0,1
Calbert,Cheaney,1993,13
Wes,Unseld,0,13
Shawn,Kemp,1989,14
Chris,Chiozza,2018,2
Lance,Stephenson,2010,8
Bill,Melchionni,0,2
Patrick,Beverley,2009,7
Eric,Johnson,0,1
Morlon,Wiley,0,7
Jack,Maddox,0,1
Robert,Covington,2013,6
Noel,Felix,2003,1
Gene,Tormohlen,0,6
Derrick,Brown,2009,3
James,Nunnally,2012,2
Leon,Brown,0,1
Charles,Smith,0,3
Joe,Kleine,1985,15
Amile,Jefferson,2017,2
Brooks,Thompson,1994,4
Ricky,Rubio,2009,8
Steve,Downing,0,2
Irving,Thomas,0,1
Oleksiy,Pecherov,2006,3
Bryant,Stith,1992,10
Mike,Champion,0,1
Jayson,Tatum,2017,3
Drew,Eubanks,2018,2
Metta,World Peace,1999,16
John,Turner,1991,1
Jim,Pollard,0,7
Terry,Tyler,0,11
Renaldo,Balkman,2006,6
Larry,Kenon,0,7
Adam,Keefe,1992,9
Cedrick,Hordges,0,2
Ron,Boone,0,5
Willis,Reed,0,10
Donyell,Marshall,1994,15
Malik,Beasley,2016,4
Jerryd,Bayless,2008,10
P.J.,Tucker,2006,8
Eric,Riley,1993,5
Loren,Woods,2001,6
Luol,Deng,2004,14
A.J.,English,0,2
Herschel,Baltimore,0,1
Togo,Palazzi,0,6
Thaddeus,Young,2007,12
Bob,Brown,0,2
Kenny,Battle,0,4
Steven,Adams,2013,6
Malcolm,Thomas,2011,4
Winston,Garland,0,7
Anthony,Morrow,2008,8
Rob,Rensberger,0,1
Jan,Vesely,2011,3
Mike,Penberthy,0,0
Jeff,Malone,1983,13
Mike,Niles,0,1
Chuck,Mencel,0,2
Kevin,Duckworth,1986,11
Lou,Roe,1995,2
Mo,Bamba,2018,2
Herm,Klotz,0,1
Sam,Sibert,0,1
Mike,Scott,2012,7
Torraye,Braggs,1998,2
George,Mikan,0,7
Ben,Moore,2017,1
Caleb,Martin,2019,1
Nikola,Pekovic,2008,5
Denzel,Valentine,2016,3
Ken,Green,0,1
Moses,Malone,0,19
Jarrett,Culver,2019,1
David,Wesley,0,14
Marcus,Haislip,2002,4
Pete,Chilcutt,1991,9
Goran,Dragic,2008,11
Devin,Harris,2004,14
Jaylen,Brown,2016,4
Terry,Crosby,0,1
Renaldo,Major,2004,1
Wat,Misaka,0,1
Wilt,Chamberlain,0,14
Ronnie,Murphy,0,1
Jerry,Bird,0,1
Rod,Hundley,0,6
Howard,Eisley,1994,12
Clyde,Drexler,1983,15
Tom,Tolbert,0,7
Chris,Anstey,1997,3
Zigmund,Mihalik,0,1
Coby,White,2019,1
Michael,Cooper,0,12
Alex,Len,2013,6
Duje,Dukan,2015,0
Matt,Harpring,1998,11
Aron,Baynes,2009,7
Briante,Weber,2015,2
Brent,Price,1992,9
Danny,Wagner,0,1
DJ,Strawberry,2007,1
Tom,Burleson,0,7
Marko,Milic,0,0
Bob,Knight,0,1
Cezary,Trybanski,0,2
John,Brisker,0,3
Marc,Jackson,1997,7
Josh,Magette,2012,2
Tyler,Ennis,2014,3
Jake,Carter,0,1
Antoine,Walker,1996,12
Reggie,Lewis,0,6
Jalen,McDaniels,2019,1
Jim,Johnstone,0,1
Ben,Kelso,0,1
Jameel,Warney,2016,1
Duane,Cooper,1992,2
Conner,Henry,0,2
Kobe,Bryant,1996,19
Caleb,Swanigan,2017,3
Devonte',Graham,2018,2
Clifford,Ray,0,10
Sam,Ranzino,0,1
Ben,Gillery,0,1
Gary,Harris,2014,5
Nigel,Williams-Goss,2017,1
Andrew,White III,2017,1
Tyler,Hansbrough,2009,6
Hal,Lear,0,1
Kevin,Gamble,1987,10
Antonio,McDyess,1995,15
Ray,Tolbert,0,5
Bill,Edwards,0,1
Yante,Maten,2018,1
Bob,Lanier,1970,14
Bill,Henry,0,2
Emmette,Bryant,0,8
Isaiah,Roby,2019,1
Barry,Yates,0,1
Jamil,Wilson,2014,1
John,Celestand,1999,1
Billy,Gabor,0,6
Alaa,Abdelnaby,0,5
Vassilis,Spanoulis,2004,1
Frankie,King,1995,2
Dick,Surhoff,0,2
Jamesearl,Ray,0,3
Erick,Barkley,2000,2
Jarvis,Hayes,2003,7
Hassan,Adams,2006,2
Bill,Roberts,0,2
Dave,Newmark,0,2
Roger,Brown,0,4
Jim,Tucker,0,3
Calvin,Murphy,0,13
Wes,Iwundu,2017,3
Jalen,Jones,2016,2
Bo,Lamar,0,1
David,Wingate,1986,15
Gale,Bishop,0,1
Solomon,Hill,2013,6
Alvin,Attles,0,11
Deyonta,Davis,2016,3
Doron,Lamb,2012,2
"Bear, The Body",Hoffman,0,6
Mardy,Collins,2006,4
Sam,Stith,0,1
Mike,Sanders,0,11
Butch,Van Breda Kolff,0,4
Randall,Jackson,0,0
Caleb,Martin,2019,1
Oliver,Lafayette,2007,1
Guerschon,Yabusele,2016,2
Rashad,McCants,2005,4
Carl,Landry,2007,8
Brent,Scott,0,1
Dionte,Christmas,2009,1
Butch,Beard,0,9
Tony,Mitchell,2012,1
Ricky,Rubio,2009,8
Kendrick,Perkins,2003,13
Ricky,Sobers,0,11
Fred,Hilton,0,2
Tyshawn,Taylor,2012,2
Kevin,Loughery,0,11
De'Andre,Hunter,2019,1
Emmanuel,Mudiay,2015,4
Lloyd,Walton,0,5
Juancho,Hernangomez,2016,4
Abdul,Jeelani,0,2
Ron,Knight,0,2
Junior,Bridgeman,0,12
Charles,Barkley,1984,16
Jim,Palmer,0,3
Fred,Schaus,0,5
Jim,Burns,0,1
Derrick,Jones Jr.,2016,4
Alex,Poythress,2016,3
Ed,Manning,0,4
Kent,Bazemore,2012,7
Paul,Pressey,0,11
Danny,Vranes,0,7
Travis,Diener,2005,5
Tamar,Slay,2002,3
Walt,Kirk,0,3
Craig,Smith,2006,6
Jim,Eakins,0,2
Andy,Phillip,0,11
Eddie,Basden,2005,1
Archie,Goodwin,2013,3
Brad,Sellers,0,6
Ryan,Stack,1998,2
Hubie,White,0,2
Marques,Bolden,2019,1
Joe,Pace,0,2
Glenn,Hansen,0,3
Soumaila,Samake,2000,2
Eddie,Miles,0,9
Don,Nelson,0,14
Jermareo,Davidson,2007,2
Grant,Williams,2019,1
Randy,Livingston,1996,11
Irv,Rothenberg,0,3
Daniel,Gafford,2019,1
Norm,Baker,0,1
Dave,Batton,0,2
Brandon,Sampson,2018,1
Nazr,Mohammed,1998,17
Chris,Welp,1987,3
Bonzie,Colson,2018,1
Bob,Harris,0,5
Jack,Burmaster,0,1
Bill,Wennington,1985,13
Kevin,Kunnert,0,9
Wayne,Selden,2016,3
Laron,Profit,1999,4
Mike,Tobey,2016,1
Chuck,Terry,0,3
Aaron,Jackson,0,1
Bob,Mullens,0,1
Reggie,Harding,0,4
Thanasis,Antetokounmpo,2014,1
Ricky,Grace,0,1
Terrence,Williams,2009,4
Eric,Mobley,1994,3
Solomon,Jones,2006,8
Bryon,Russell,1993,13
Fred,Carter,0,8
Al,Hairston,0,2
Scott,English,0,1
Ben,Wallace,1996,16
Maurice,Cheeks,0,15
Garth,Joseph,0,0
Matt,Geiger,1992,10
Brian,Bowen II,2019,1
Bobby,Phills,1991,9
Calvin,Booth,1999,10
Lorenzo,Brown,2013,4
Trae,Young,2018,2
Henry,James,0,7
Miles,Plumlee,2012,6
John,Tresvant,0,9
Mike,Muscala,2013,6
Gani,Lawal,2010,1
Charles,Claxton,1994,1
Charles R.,Jones,0,2
Larry,Smith,0,13
Earl,Shannon,0,3
Bob,Shea,0,1
Carlos,Terry,0,3
Carlos,Rogers,1994,8
Devin,Durrant,0,2
Tom,Thacker,0,4
Josh,Gray,2016,2
Billy,Knight,0,9
Carl,Braun,0,13
Steve,Courtin,0,1
Eric,Paschall,2019,1
Red,Dehnert,0,1
Eric,Money,0,6
Shane,Battier,2001,13
Adrian,Dantley,0,15
Earl,Cureton,1979,12
Mangok,Mathiang,2017,1
Juwan,Morgan,2019,1
Bill,Fenley,0,1
Harold,Ellis,0,3
Mychel,Thompson,2011,1
Todd,Day,1992,8
Brad,Davis,0,15
Isaiah,Hartenstein,2017,2
Byron,Dinkins,0,2
Luke,Zeller,2009,1
John,Crotty,0,11
Bob,Love,0,11
Chris,Morris,1988,11
Tom,Kropp,0,2
Tiago,Splitter,2007,6
Jamal,Murray,2016,4
Gary,Trent,1995,9
Sidney,Lowe,0,4
Mark,Macon,1991,6
Ted,Manakas,0,1
Frank,Brickowski,1981,12
Paul,Millsap,2006,13
Lionel,Hollins,0,10
Ron,Rowan,0,1
Marcus,Brown,1996,2
Jim,Paxson,0,2
Keith,Askins,0,9
Bob,Peterson,0,3
Mitchell,Robinson,2018,2
Kent,Benson,0,11
Lorenzo,Williams,0,7
Cheikh,Samb,2006,2
Dakari,Johnson,2015,1
Gordan,Giricek,1999,6
Louie,Nelson,0,5
Dave,Johnson,0,2
Rudy,Gobert,2013,6
Mikal,Bridges,2018,2
Gene,Shue,0,10
Joe,Ellis,0,8
Paul,Armstrong,0,3
Al,Brightman,0,1
Leo,Rautins,0,2
Gabe,Pruitt,2007,2
Terance,Mann,2019,1
Semi,Ojeleye,2017,3
Travis,Leslie,2011,1
Dajuan,Wagner,2002,4
Jason,Caffey,1995,8
Mikki,Moore,1997,13
Pete,Myers,1986,9
Bob,Boozer,0,11
Okaro,White,2014,3
Brook,Lopez,2008,11
Jim,Ard,0,4
Frank,Ntilikina,2017,3
Shane,Larkin,2013,3
Howie,McCarty,0,1
Larue,Martin,0,4
Ennis,Whatley,1983,10
Larry,Moffett,0,1
Larry,Hughes,1998,13
Andre,Moore,0,1
Adonal,Foyle,1997,12
Carl,Thomas,0,3
Travis,Best,1995,10
Markel,Brown,2014,2
John,Pritchard,0,1
Moritz,Wagner,2018,2
Rodrigue,Beaubois,2009,4
Nassir,Little,2019,1
Neil,Johnson,0,4
Frank,Russell,0,1
Randolph,Childress,1995,2
Bobby,Brown,2007,4
Mike,Green,0,4
Trajan,Langdon,1999,3
Maxi,Kleber,2014,3
Chris,Jefferies,2002,2
Gene,Rhodes,0,1
Melvin,Sanders,2003,1
P.J.,Tucker,2006,8
Larry,Johnson,1991,10
Nate,DeLong,0,1
Bubba,Wells,1997,1
Mickell,Gladness,2008,1
Jack,Kerris,0,4
Kelan,Martin,2018,1
Dennis,Schroder,2013,6
Aleksandar,Djordjevic,0,0
Scott,Haskin,1993,1
Ian,Lockhart,0,1
Deonte,Burton,2017,2
Dean,Wade,2019,1
Carlos,Ogden,0,2
John,Barnhill,0,7
Kenny,Carr,0,10
Courtney,Sims,2007,2
Roger,Strickland,0,1
Iman,Shumpert,2011,8
Willie,Naulls,0,10
David,Vaughn,1995,4
Muggsy,Bogues,1987,14
Tracy,Murray,1992,12
Scottie,Pippen,1987,17
Fred,Vinson,0,2
Walt,Lemon Jr.,2014,2
Sam,Young,2009,4
Gary,Clark,2018,2
Marvin,Barnes,0,4
Kris,Humphries,2004,12
Jonas,Jerebko,2009,8
Doug,West,1989,12
Rui,Hachimura,2019,1
Robert,Williams III,2018,2
Kristaps,Porzingis,2015,3
Bryant,Reeves,1995,6
Jarron,Collins,2001,10
Phil,Hubbard,0,10
D.J.,Wilson,2017,3
Charlie,Johnson,0,7
Keith,Jennings,0,3
Dontae',Jones,1996,1
Dillard,Crocker,0,4
Pooh,Richardson,1989,10
Popeye,Jones,1992,11
Carl,Meinhold,0,2
Diante,Garrett,2011,2
Michaela,Pavlickova,2001,0
Alan,Williams,2015,3
Kedrick,Brown,2001,4
Trey,Gilder,2008,1
Bobby,Jackson,1997,12
Danny,Young,0,10
Lonnie,Shelton,0,10
Curtis,Borchardt,2002,2
Scotty,Hopson,2011,2
Norm,Swanson,0,1
Keith,Tower,0,4
Cezary,Trybanski,0,2
Ken,Wilburn,0,2
Dick,Murphy,0,1
Malik,Sealy,1992,8
Glen,Rice,2013,2
Thomas,Robinson,2012,4
John,Stockton,1984,19
Jose,Slaughter,0,1
Kenny,Rollins,0,3
Dave,Deutsch,0,1
Scott,Skiles,1986,10
Nick,Collison,2003,13
Ossie,Schectman,0,1
Lucas,Nogueira,2013,3
Phil,Bond,0,1
David,Johnson,0,4
Jeff,Webster,1994,1
Dan,King,0,1
Kasib,Powell,2003,1
Eddie,Johnson,0,10
Anthony,Bonner,1990,6
Jeff,Cook,0,8
Chuck,Grigsby,0,1
Steve,Bucknall,0,1
Rod,Knowles,0,1
Cody,Martin,2019,1
Semih,Erden,2008,2
Bob,O'Brien,0,2
Jawun,Evans,2017,2
Ryan,Broekhoff,2013,2
Darington,Hobson,2010,1
Nikola,Mirotic,2011,4
Jaylen,Nowell,2019,1
Reggie,Hanson,0,1
Bob,Ferry,0,10
John,Richter,0,1
Marcus,Derrickson,2018,1
Elmore,Smith,0,8
Devyn,Marble,2014,1
AJ,Price,2009,6
Mark,Aguirre,0,13
Skip,Harlicka,0,1
George,Reynolds,0,1
Charlie,Pittman,0,4
Howie,Janotta,0,1
Marlon,Redmond,0,2
Jojo,White,0,12
Eddy,Curry,2001,11
Chris,Boucher,2017,3
Milt,Williams,0,3
Ben,Poquette,0,10
Steven,Hunter,2001,8
Allen,Murphy,0,1
A.J.,Wynder,0,1
Jim,Burns,0,1
Derek,Hood,0,1
Kevin,Huerter,2018,2
Langston,Galloway,2014,5
Byron,Scott,1983,14
Mel,Davis,0,4
John,Long,1978,14
Thomas,Barr,0,1
Zylan,Cheatham,2019,1
Darryl,Dawkins,0,14
Rickey,Brown,0,5
Bob,Harrison,0,9
Devin,Gray,0,0
Jack,Parkinson,0,1
Todd,Lichti,0,5
Cliff,Hagan,0,10
Ben,Moore,2017,1
Mike,James,1998,12
Johnny,Neumann,0,2
Phil,Pressey,2013,2
Jack,Coleman,0,9
Willie,Reed,2011,2
Greg,Graham,1993,5
Jerome,Beasley,2003,1
Bradley,Beal,2012,7
Joe,Mullaney,0,1
Tim,Frazier,2014,5
Travis,Outlaw,2003,11
Ike,Diogu,2005,6
Phil,Smith,0,9
Marshall,Rogers,0,1
Neil,Johnston,0,8
Markelle,Fultz,2017,3
Scott,Williams,0,15
Jim,Fox,0,10
Nick,Shaback,0,1
Alex,Blackwell,0,1
Dermie,O'Connell,0,2
Walter,Sharpe,2008,1
Brady,Walker,0,4
Jerome,Robinson,2018,2
Tom,Hammonds,1989,12
Dick,McGuire,0,11
Salah,Mejri,2008,3
James,Cotton,1997,0
JaVale,McGee,2008,11
Rodney,Carney,2006,5
Ray,Corley,0,3
Derrick,Chievous,0,3
Jimmer,Fredette,2011,5
Josh,Smith,2004,12
Jim,Ray,0,2
Spencer,Hawes,2007,9
Frank,Ramsey,0,9
Horace,Grant,1987,17
Juan,Toscano-Anderson,2015,1
Tom,Hovasse,0,1
Khalid,El-Amin,2000,1
Russ,Schoene,0,4
Warren,Perkins,0,2
Anfernee,Simons,2018,2
Lonny,Baxter,2002,4
Maciej,Lampe,2003,3
Trevor,Winter,0,0
Alex,Kirk,2014,1
David,Thirdkill,0,5
Jordan,Loyd,2016,1
Miles,Bridges,2018,2
Craig,Hodges,0,10
Nikita,Wilson,0,1
Kendall,Marshall,2012,3
George,Dempsey,0,5
Russell,Lee,0,3
Stephen,Zimmerman,2016,1
Joe,Meriweather,0,10
Alen,Smailagic,2019,1
Erwin,Mueller,0,7
Charlie,Scott,0,9
Bill,Ebben,0,1
Austin,Daye,2009,6
Otto,Porter Jr.,2013,6
Mason,Plumlee,2013,6
Wesley,Cox,0,2
Clifford,Rozier,1994,4
Greg,Grant,1989,6
Jack,Hewson,0,1
Josh,Selby,2011,2
Larry,Comley,0,1
Mike,McGee,0,9
Antonio,Davis,1990,13
Terry,Catledge,1985,8
Anthony,Brown,2015,2
Bernard,James,2012,3
Frank,Brian,0,7
Juan,Dixon,2002,7
Brian,Rowsom,0,3
Haywood,Highsmith,2018,1
Vitor,Faverani,2009,1
Chris,Dudley,1987,16
Alan,Williams,2015,3
Jamario,Moon,2001,5
Jim,Springer,0,1
Pops,Mensah-Bonsu,2006,4
Terence,Davis,2019,1
Gene,Banks,0,6
PJ,Hairston,2014,1
Reggie,Slater,0,8
Dick,Snyder,0,13
Ron,Cavenall,0,2
Dave,Twardzik,0,4
Ron,Johnson,0,1
Chauncey,Billups,1997,17
Perry,Jones III,2012,3
Scott,Wedman,0,13
Zhaire,Smith,2018,2
Johnny,Taylor,1997,3
Alexander,Volkov,0,2
Tyus,Jones,2015,4
Hal,Uplinger,0,1
Mal,McMullan,0,2
Shabazz,Napier,2014,5
Marcus,Landry,2009,1
Ky,Bowman,2019,1
Omari,Spellman,2018,2
Sean,Rooks,1992,12
Jerry,Paulson,0,1
Arnett,Moultrie,2012,2
Norris,Coleman,0,1
Cliff,Meely,0,5
Chris,Harris,0,1
Alonzo,Mourning,1992,15
David,Greenwood,0,12
Rob,Williams,0,2
Mike,Peplowski,1993,3
Nick,Young,2007,11
Ed,Bartels,0,2
Hollis,Copeland,0,2
Luka,Samanic,2019,1
Jackie,Ridgle,0,1
Jim,Jackson,1992,14
Johnny,Egan,0,11
Jordan,McLaughlin,2018,1
Ray,Epps,0,1
Orlando,Graham,0,1
Joe,Fulks,0,8
Marv,Schatzman,0,1
Cedric,Ceballos,1990,11
Maurice,Carter,0,1
Larry,Drew II,2013,2
Cameron,Johnson,2019,1
Julius,Erving,0,11
Jameer,Nelson,2004,13
George,Lehmann,0,2
Shelvin,Mack,2011,7
Jared,Harper,2019,1
John,Laskowski,0,2
Ernie,Killum,0,1
Corliss,Williamson,1995,12
Terry,Furlow,0,4
Martin,Nessley,0,1
Joe,Fabel,0,1
Sonny,Parker,0,6
Jae,Crowder,2012,7
Tyler,Cook,2019,1
Daniel,Theis,2013,3
Jamal,Crawford,2000,18
Uwe,Blab,0,5
Joe,Graboski,0,13
Chris,Mihm,2000,8
Todd,MacCulloch,1999,4
Zarko,Cabarkapa,2003,3
George,Yardley,0,7
Ed,Gray,1997,2
Jerome,Robinson,2018,2
Olumide,Oyedeji,2000,3
Ricky,Ledo,2013,2
Win,Wilfong,0,4
Tom,Heinsohn,0,9
Bernard,Robinson,2004,3
Greg,Ostertag,1995,11
Jeremy,Tyler,2011,3
Mark,Wade,0,2
J.P.,Macura,2018,2
Reggie,Harding,0,4
Stan,Love,0,4
Dwayne,Whitfield,1995,1
Paul,Walther,0,6
Dennis,Boyd,0,1
Yue,Sun,2007,1
Acie,Law,2007,4
Davon,Reed,2017,2
Joel,Anthony,2007,9
Larry,Sanders,2010,6
Hank,Finkel,0,9
Darrin,Hancock,1994,3
Gene,Vance,0,5
Mark,Price,1986,12
Chuck,Connors,0,2
Igor,Rakocevic,2000,1
Michael,Cage,1984,15
Joseph,Forte,2001,2
Donte,Greene,2008,4
Keith,Herron,0,3
Walter,Bond,0,3
Coby,White,2019,1
Felton,Spencer,1990,12
LaSalle,Thompson,1982,15
Patricio,Garino,2016,1
Amar'e,Stoudemire,2002,13
Mitch,Kupchak,0,9
Jeremy,Lin,2010,8
Kawhi,Leonard,2011,8
J.R.,Giddens,2008,2
Chris,Andersen,1999,14
J.R.,Giddens,2008,2
Doug,Roth,0,1
Jim,Holstein,0,4
John,Lambert,0,7
Justin,Robinson,2019,1
Ray,Williams,0,10
Doug,Lee,0,3
Marcus,Williams,2007,2
Khris,Middleton,2012,7
Steve,Malovic,1978,1
Sean,May,2005,4
Earl,Barron,2003,8
Byron,Irvin,0,3
Bruno,Fernando,2019,1
Tim,Bassett,0,4
Desmond,Mason,2000,10
Patrick,Patterson,2010,9
Kevin,Seraphin,2010,6
DeQuan,Jones,2012,1
Jerry,Chambers,0,4
Keith,McLeod,2002,4
Tierre,Brown,0,4
James,Young,2014,3
Ben,Clyde,0,1
Taylor,Griffin,2009,1
Jeff,Withey,2013,4
Johnny,Payak,0,2
Bob,Lavoy,0,4
Bill,Garnett,0,4
Vlade,Divac,1989,16
Ian,Mahinmi,2005,11
Don,Henriksen,0,2
Kostas,Antetokounmpo,2018,2
Tyrone,Wallace,2016,3
Ron,Valentine,0,1
Brad,Daugherty,1986,8
Brent,Barry,1995,14
Justin,James,2019,1
Alex,Groza,0,2
Julian,Washburn,2015,1
Al-Farouq,Aminu,2010,9
Alvin,Sims,0,0
DeAndre,Jordan,2008,11
Jeff,Grayer,1988,9
Stephen,Bardo,0,3
Goga,Bitadze,2019,1
Vin,Baker,1993,13
Henry,Ward,0,1
Ricky,Blanton,0,1
Chase,Budinger,2009,6
John,Lucas III,2005,8
Larry,Krystkowiak,1986,9
Joe,Binion,0,1
Ed,Davis,2010,9
James,Harden,2009,10
Mike,Miller,2000,16
Johnny,Baum,0,2
Kyle,Weaver,2008,3
Quincy,Lewis,1999,4
Toni,Kukoc,1990,13
George,Mearns,0,2
Jim,Krebs,0,7
Paul,Shirley,0,3
John,Dillon,0,1
Carl,Bailey,0,1
Jeff,Cross,0,1
Matt,Barnes,2002,13
Rodney,Hood,2014,5
Quintin,Dailey,0,10
Theo,Pinson,2018,2
Johnny,O'Bryant III,2014,3
Joel,Ingram,0,1
Don,Asmonga,0,1
Patrick,Ewing,2008,1
Jared,Harper,2019,1
Sheldon,Mac,2016,1
E.C.,Coleman,0,6
Gian,Clavell,2017,1
Bingo,Smith,0,11
Jim,Phelan,0,1
Shandon,Anderson,1996,10
Anfernee,Simons,2018,2
Tariq,Abdul-Wahad,1997,6
Danny,Doyle,0,1
Landry,Fields,2010,5
DeShawn,Stevenson,2000,13
Sid,Tannenbaum,0,2
Tony,Wroten,2012,3
Maury,King,0,2
Rich,Yonakor,0,1
Thomas,Gardner,2006,2
Admiral,Schofield,2019,1
Derrick,Byars,2007,1
Lee,Mayberry,1992,7
Stanley,Roberts,1991,8
John,Wall,2010,8
Jon,Sundvold,0,9
Frank,Williams,2002,3
Dan,Schayes,1981,18
Claude,Overton,0,1
Donovan,Mitchell,2017,3
Xavier,Rathan-Mayes,2017,1
Randy,Foye,2006,10
Sean,Colson,0,1
Bruce,Douglas,0,1
Chris,Ford,0,10
Butch,Graves,0,1
Nate,Blackwell,0,1
Terry,Rozier,2015,4
D.J.,Kennedy,2011,1
Otis,Birdsong,0,12
Mo,Williams,2003,12
Levi,Fontaine,0,1
Terry,Mills,1990,11
Ben,Uzoh,2010,2
Jaxson,Hayes,2019,1
Jeff,Sheppard,0,0
Rudy,Hackett,0,1
Christian,Wood,2015,3
Keith,Edmonson,0,2
Jimmy,Darden,0,1
John,Pilch,0,1
Willy,Hernangomez,2015,4
Granville,Waiters,0,5
Ryan,Lorthridge,0,1
Dave,Piontek,0,7
Josh,Howard,2003,10
Isaiah,Roby,2019,1
Mike,Williams,0,1
Kelan,Martin,2018,1
Max,Morris,0,1
Pascal,Siakam,2016,4
Guy,Sparrow,0,3
Ralph,Wells,0,1
Ray,Owes,0,1
Brandon,Ingram,2016,4
Reggie,Jordan,0,6
Greg,Smith,0,8
Dwayne,Bacon,2017,3
Bob,Cousy,1986,14
Damir,Markota,2006,1
KZ,Okpala,2019,1
Marshall,Hawkins,0,1
Tyler,Herro,2019,1
Adreian,Payne,2014,3
Trey,Burke,2013,6
Don,Kojis,0,12
Anthony,Bowie,1986,8
Billy,Garrett,0,1
Al,Tucker,0,4
Lenny,Wilkens,0,15
Marcus,Georges-Hunt,2016,2
Zach,Norvell Jr.,2019,1
Al,Masino,0,2
Maurice,Evans,2001,9
Zendon,Hamilton,0,6
Frank,Reddout,0,1
Gus,Williams,0,11
Dennis,Nutt,0,1
Sam,Pellom,0,4
Steve,Scheffler,1990,7
Steve,Blake,2003,12
Gary,Alcorn,0,2
Floyd,Volker,0,1
Dewan,Hernandez,2019,1
Anthony,Frederick,0,3
Markieff,Morris,2011,8
Cory,Carr,1998,1
James,Donaldson,0,14
Carey,Scurry,0,3
Howard,Wright,0,2
Louis,Orr,0,8
Paul,McConnell,0,1
Jermaine,Jackson,0,5
Roy,Marble,0,2
Tony,Bradley,2017,3
Donald,Smith,0,1
Morris,Peterson,2000,11
John,Tschogl,0,3
Jason,Terry,1999,18
Andre,Dawkins,2014,1
Chuckie,Williams,0,1
Sam,Dekker,2015,3
Mike,Farmer,0,7
Cliff T.,Robinson,0,11
Dennis,Bell,0,3
Andre,Spencer,0,2
Mel,McCants,0,1
Ron,Baker,2016,3
Mookie,Blaylock,1989,13
Drew,Gordon,2012,1
Lucius,Allen,0,10
Jaren,Jackson Jr.,2018,2
Brice,Johnson,2016,2
Mario,Kasun,2002,2
Jeff,Taylor,0,2
Nate,Robinson,2005,10
Shammond,Williams,1998,7
Billy,Thompson,1986,6
Dean,Oliver,0,2
LaMarcus,Aldridge,2006,13
Darvin,Ham,0,8
Tellis,Frank,0,5
Willie,Reed,2011,2
Will,Cherry,2013,1
Chris,Richard,2007,2
Shaquille,O'Neal,1992,19
Harry,Barnes,0,1
Arvid,Kramer,0,1
John,Mengelt,0,10
Paul,Neumann,0,6
Ernie,Beck,0,7
Ryan,Robertson,1999,0
Dallas,Comegys,0,2
Lou,Williams,2005,14
Linton,Townes,0,3
Bob,Elliott,0,3
Dave,Budd,0,5
Christian,Eyenga,2009,2
Foots,Walker,0,10
Eric,Snow,1995,13
Walt,Williams,1992,11
Johnny,Moore,0,9
Cory,Blackwell,0,1
Kevin,Love,2008,11
Bernard,Thompson,0,5
Ekpe,Udoh,2010,7
Carrick,Felix,2013,1
Evers,Burns,0,1
Carlos,Arroyo,2001,9
Evan,Turner,2010,9
Norm,Mager,0,1
John,Henson,2012,7
Jalen,Brunson,2018,2
Caleb,Swanigan,2017,3
Dan,Swartz,0,1
Jim,Barnes,0,7
Ernie,Grunfeld,0,9
Terance,Mann,2019,1
Anthony,Tolliver,2007,11
Dejounte,Murray,2016,3
Rodney,Monroe,0,1
Jim,McIlvaine,1994,7
Robert,Zawoluk,0,3
Jay,Guidinger,0,2
Mark,Acres,0,6
Terry,Dozier,0,1
Joe,Ruklick,0,3
Jordan,Farmar,2006,9
Arnie,Risen,0,10
Zelmo,Beaty,0,8
Nathan,Jawai,2008,2
Bill,Curley,1994,5
Rashard,Lewis,1998,16
Brandon,Bass,2005,11
Richard,Petruska,0,1
Jared,Terrell,2018,1
Jerome,Kersey,1984,17
Julian,Wright,2007,4
Pape,Sy,2010,1
John,Bagley,0,11
Louis,King,2019,1
Hedo,Turkoglu,2000,15
John,Thompson,0,2
Lionel,Simmons,1990,7
Gheorghe,Muresan,1993,6
Ivano,Newbill,0,3
Aaron,Gray,2007,7
Mel,Riebe,0,3
George H.,Bon Salle,0,1
Charlie,Bell,2001,7
Armon,Johnson,2010,2
Billyray,Bates,0,4
Forest,Weber,0,1
Andrew,Levane,0,3
Dee,Brown,2006,2
Tim,McCormick,0,8
Ray,Felix,0,9
Dana,Barros,1989,14
Jim,Brasco,0,1
Dave,Henderson,0,1
Guy,Rucker,0,1
Jerel,McNeal,2009,1
Belus,Smawley,0,6
Fred,Christ,0,1
Brad,Holland,0,3
Hank,Lefkowitz,0,1
Ozell,Jones,0,2
Brian,Evans,1996,3
Dave,Popson,0,3
Bob,Christian,0,4
Lionel,Malamed,0,1
Thales,McReynolds,0,1
Leo,Katkaveck,0,2
Ray,Ragelis,0,1
Jacob,Pullen,2011,0
Marko,Guduric,2017,1
Melvin,Ely,2002,9
George,Lynch,1993,12
Devon,Hall,2018,1
Ty,Jerome,2019,1
Yogi,Ferrell,2016,4
Dwight,Powell,2014,5
DaQuan,Jeffries,2019,1
Dan,Godfread,0,2
Damion,James,2010,4
Carlos,Delfino,2003,8
Bob,Kauffman,0,7
Mustafa,Shakur,2007,2
Luke,Ridnour,2003,12
Jack,George,0,8
Derek,Smith,0,9
C.J.,Williams,2012,2
Thomas,Jordan,0,1
John,Barr,0,1
Bobby,Smith,0,2
Al,Fleming,0,1
Sherwin,Raiken,0,1
Jeremiah,Martin,2019,1
John,Fairchild,0,1
Lynbert,Johnson,0,1
Khyri,Thomas,2018,2
RJ,Hunter,2015,3
Willie,Cauley-Stein,2015,4
Dennis,Rodman,1986,14
Zeke,Sinicola,0,2
Leon,Benbow,0,2
Andrea,Bargnani,2006,9
Tony,Battie,1997,14
Milt,Schoon,0,2
Michael,Curry,0,11
Harvey,Halbrook,0,2
MarShon,Brooks,2011,5
John,McCullough,0,1
Darren,Collison,2009,9
Henry,Turner,0,2
Antoine,Wright,2005,6
Moe,Radovich,0,1
Jawad,Williams,2005,3
Kenny,Fields,0,4
Odie,Spears,0,8
Pat,Durham,1989,2
Roger,Burkman,0,1
Tarik,Black,2014,3
Phil,Rollins,0,3
Billy,Donovan,0,1
Dan,Issel,0,9
Zarko,Paspalj,0,1
Kenny,Thomas,1999,11
Raymond,Townsend,0,3
Dick,Schnittker,0,6
Terrance,Ferguson,2017,3
